user_id,customer_age,city,distance_km,fare_amount,total_surge_multiplier,lifetime_rides,customer_rating,avg_driver_rating,cancellation_rate,payment_type,loyalty_score,churn,customer_rating_missing
100001,70.0,Delhi,5.18,124.17,1.0,2.0794415416798357,5.0,4.0,0.161,Cash,6.52,0,0
100002,46.0,Pune,14.83,282.05,1.2,1.6094379124341003,4.0,4.5,0.188,credit_card,4.81,1,0
100003,49.0,Hyderabad,4.98,271.32,3.2,3.970291913552122,4.0,4.0,0.16,cash,9.2,0,0
100004,44.0,Mumbai,8.65,348.38,2.2,2.639057329615259,5.0,4.5,0.166,Credit Card,7.03,0,0
100005,46.0,Bengaluru,31.52,743.635,1.8,3.784189633918261,3.0,4.8,0.184,credit_card,6.92,0,0
100006,43.0,Mumbai,8.32,253.93,1.5,2.0794415416798357,3.0,4.0,0.072,credit_card,5.53,0,0
100007,28.0,Hyderabad,2.49,60.0,1.0,3.044522437723423,5.0,4.0,0.041,Credit Card,8.63,0,0
100008,45.0,Delhi,21.28,366.22,1.0,1.9459101490553132,5.0,3.5,0.221,Credit Card,4.47,0,0
100009,19.0,Pune,8.44,478.99,3.2,3.1354942159291497,5.0,4.8,0.23,Cash,7.71,0,0
100010,47.0,Delhi,2.78,110.78,1.0,3.091042453358316,4.0,4.2,0.329,Credit Card,5.88,0,0
100011,44.0,Delhi,10.87,349.13,1.8,2.302585092994046,4.0,4.0,0.266,Credit Card,3.6,1,1
100012,31.0,Mumbai,2.75,104.74,1.0,4.454347296253507,5.0,4.8,0.092,Credit Card,9.96,0,0
100013,40.0,Bengaluru,21.48,743.635,3.2,3.295836866004329,5.0,4.5,0.386,cash,6.46,1,0
100014,29.0,Bengaluru,6.64,147.15,1.0,3.4011973816621555,4.0,4.5,0.222,Cash,6.4,0,0
100015,27.0,Mumbai,7.73,268.2,1.8,2.833213344056216,3.0,3.5,0.046,upi,6.38,0,0
100016,49.0,Hyderabad,2.88,78.23,1.0,2.995732273553991,4.0,4.5,0.313,Cash,6.37,0,0
100017,48.0,Mumbai,9.01,255.25,1.5,3.828641396489095,3.0,4.5,0.147,Credit Card,7.16,0,0
100018,62.0,Mumbai,9.65,234.5,1.0,3.6888794541139363,3.0,4.2,0.262,Cash,7.17,0,0
100019,69.0,Bengaluru,66.24,743.635,1.0,2.772588722239781,4.0,4.8,0.299,Cash,6.31,1,0
100020,46.0,Mumbai,4.52,195.42,2.2,3.258096538021482,4.0,5.0,0.2,UPI,7.51,0,0
100021,42.0,Mumbai,2.5,117.22,1.0,3.367295829986474,3.0,4.5,0.136,upi,5.62,0,0
100022,31.333333333333332,Delhi,11.21,574.08,3.2,2.4849066497880004,4.0,4.0,0.082,Cash,7.12,0,0
100023,19.0,Mumbai,4.86,184.83,1.5,2.8903717578961645,5.0,4.2,0.193,UPI,8.3,0,0
100024,24.0,Mumbai,2.83,92.43,1.2,3.4965075614664802,5.0,4.2,0.193,Credit Card,8.63,0,0
100025,36.0,Delhi,16.06,289.06,1.0,2.833213344056216,5.0,4.0,0.114,Cash,7.18,0,0
100026,43.0,Mumbai,12.34,339.91,1.5,1.791759469228055,3.0,3.8,0.011,Cash,5.03,0,0
100027,40.0,Delhi,9.05,222.94,1.5,2.639057329615259,2.0,4.2,0.272,cash,4.15,0,0
100028,40.0,Delhi,15.64,310.57,1.0,3.4965075614664802,5.0,3.8,0.028,credit_card,8.26,0,0
100029,48.0,Delhi,6.24,111.62,1.0,2.995732273553991,1.0,4.8,0.413,credit_card,2.24,1,0
100030,39.0,Mumbai,8.42,340.16,2.2,2.0794415416798357,5.0,4.2,0.118,Credit Card,6.36,0,0
100031,46.0,Bengaluru,10.51,209.41,1.0,3.2188758248682006,4.0,4.2,0.479,Credit Card,6.01,1,0
100032,42.0,Bengaluru,11.61,229.45,1.0,1.3862943611198906,4.0,4.8,0.257,Credit Card,2.51,1,1
100033,32.0,Mumbai,5.68,164.29,1.2,3.5263605246161616,5.0,4.0,0.145,Credit Card,8.89,0,0
100034,35.333333333333336,Hyderabad,3.52,131.37,1.5,2.0794415416798357,4.0,4.8,0.072,UPI,5.46,1,1
100035,27.0,Mumbai,8.78,219.47,1.2,3.295836866004329,4.0,5.0,0.179,credit_card,4.95,1,1
100036,44.0,Mumbai,8.97,223.05,1.2,2.995732273553991,4.0,3.8,0.037,Credit Card,7.3,0,0
100037,37.0,Mumbai,5.91,263.37,2.2,3.9512437185814275,4.0,4.2,0.552,Cash,6.29,0,0
100038,61.0,Mumbai,4.93,134.21,1.0,2.772588722239781,5.0,4.5,0.333,cash,6.3,1,0
100039,41.0,Mumbai,10.18,221.57,1.0,2.833213344056216,4.0,4.5,0.263,upi,6.34,1,0
100040,62.0,Delhi,8.09,186.7,1.2,3.4339872044851463,4.0,4.5,0.124,Credit Card,8.11,0,0
100041,26.0,Hyderabad,5.57,234.5,1.0,3.1780538303479458,5.0,4.2,0.212,upi,8.18,0,0
100042,40.0,Mumbai,3.42,128.02,1.8,2.1972245773362196,4.0,5.0,0.068,UPI,6.23,0,0
100043,24.0,Delhi,15.39,313.27,1.2,2.1972245773362196,5.0,4.0,0.092,Credit Card,6.13,0,0
100044,38.0,Delhi,33.07,533.36,1.0,2.8903717578961645,4.0,3.8,0.145,Cash,6.4,1,0
100045,50.0,Delhi,15.1,272.25,1.0,2.833213344056216,5.0,4.0,0.261,UPI,6.58,0,0
100046,36.0,Hyderabad,8.55,141.43,1.0,4.23410650459726,4.0,4.8,0.124,Cash,8.55,0,0
100047,38.0,Mumbai,11.72,347.04,1.8,3.4965075614664802,5.0,4.5,0.301,UPI,7.55,0,0
100048,46.0,Mumbai,38.31,234.5,1.2,3.044522437723423,3.0,4.2,0.054,cash,6.42,0,0
100049,64.0,Delhi,10.23,244.56,1.2,2.4849066497880004,4.0,4.2,0.234,Credit Card,4.88,1,0
100050,31.0,Hyderabad,8.05,157.58,1.0,2.1972245773362196,5.0,4.2,0.282,cash,5.56,0,0
100051,29.0,Mumbai,10.55,324.0,1.8,2.9444389791664403,4.0,4.5,0.018,Cash,7.7,0,0
100052,34.0,Delhi,2.94,90.7,1.0,2.3978952727983707,5.0,4.2,0.143,cash,6.46,0,0
100053,40.0,Hyderabad,19.57,345.05,1.0,2.833213344056216,3.0,4.8,0.124,UPI,6.98,0,0
100054,32.0,Delhi,3.54,105.58,1.0,2.772588722239781,3.0,4.0,0.095,Cash,6.41,0,0
100055,45.0,Bengaluru,11.67,311.62,1.5,2.9444389791664403,4.0,4.0,0.003,cash,7.89,0,0
100056,50.0,Bengaluru,6.34,179.04,1.2,2.833213344056216,4.0,4.8,0.175,Cash,6.31,0,0
100057,27.0,Delhi,36.03,579.63,1.0,3.1354942159291497,2.0,5.0,0.118,Credit Card,5.51,0,0
100058,60.0,Mumbai,28.98,574.41,1.2,2.9444389791664403,4.0,4.0,0.11,Cash,7.17,1,0
100059,24.0,Bengaluru,7.8,321.43,2.2,2.9444389791664403,5.0,5.0,0.016,UPI,7.88,0,0
100060,45.0,Mumbai,18.46,234.5,1.2,1.791759469228055,3.0,4.2,0.092,Credit Card,4.88,0,0
100061,43.0,Mumbai,18.22,573.24,1.8,2.70805020110221,4.0,5.0,0.382,UPI,4.6,1,1
100062,63.0,Bengaluru,2.92,97.99,1.0,3.258096538021482,4.0,4.5,0.268,Credit Card,6.38,0,0
100063,33.0,Hyderabad,6.79,185.84,1.5,2.1972245773362196,4.0,4.5,0.136,UPI,5.69,0,0
100064,41.0,Delhi,4.73,250.89,2.2,2.302585092994046,5.0,4.0,0.096,Cash,7.18,0,0
100065,46.0,Hyderabad,3.52,60.0,1.0,3.044522437723423,4.0,4.2,0.213,upi,6.21,0,0
100066,50.0,Mumbai,8.65,191.61,1.0,1.0986122886681096,2.0,4.2,0.177,UPI,3.05,1,0
100067,38.0,Delhi,10.11,481.7,2.8,3.6888794541139363,2.0,4.0,0.069,Cash,6.88,0,0
100068,61.0,Bengaluru,8.02,210.49,1.2,2.70805020110221,4.0,4.8,0.146,Credit Card,6.81,0,0
100069,26.0,Hyderabad,6.92,155.28,1.0,1.791759469228055,5.0,4.8,0.305,cash,5.42,0,0
100070,29.0,Delhi,8.23,181.37,1.0,3.1354942159291497,4.0,4.2,0.171,credit_card,7.62,0,0
100071,40.0,Delhi,26.05,647.81,1.5,2.833213344056216,4.0,4.2,0.197,Credit Card,6.34,1,0
100072,29.0,Hyderabad,10.23,284.01,1.5,2.1972245773362196,3.0,3.5,0.142,cash,3.82,0,0
100073,21.0,Mumbai,7.45,223.15,1.5,2.8903717578961645,3.0,4.5,0.054,Credit Card,6.41,0,0
100074,56.0,Hyderabad,11.92,548.52,2.8,2.9444389791664403,4.0,4.8,0.165,Cash,6.76,1,0
100075,50.0,Bengaluru,10.26,234.5,2.2,3.332204510175204,3.0,4.5,0.074,UPI,6.85,0,0
100076,19.0,Hyderabad,3.5,126.55,1.2,3.367295829986474,5.0,3.8,0.024,credit_card,9.13,0,0
100077,50.0,Bengaluru,9.3,194.25,1.0,2.639057329615259,5.0,4.2,0.1,Credit Card,8.28,0,0
100078,52.0,Mumbai,6.9,253.2,2.2,2.0794415416798357,5.0,4.0,0.018,Cash,7.36,0,0
100079,25.0,Bengaluru,5.45,119.21,1.0,2.9444389791664403,5.0,4.2,0.132,UPI,7.99,0,0
100080,54.0,Delhi,15.97,294.03,1.0,3.4011973816621555,3.0,4.5,0.33,cash,6.21,1,0
100081,20.0,Delhi,7.55,150.97,1.0,3.258096538021482,1.0,4.2,0.042,Cash,4.65,1,0
100082,32.0,Mumbai,4.4,153.01,1.0,3.5553480614894135,4.0,4.5,0.052,UPI,7.84,0,0
100083,36.0,Delhi,14.23,266.13,1.0,3.5553480614894135,5.0,4.2,0.281,UPI,7.47,0,0
100084,44.0,Mumbai,8.64,197.22,1.0,3.4657359027997265,5.0,4.0,0.115,Cash,8.26,0,0
100085,43.0,Mumbai,12.34,245.27,1.0,1.9459101490553132,4.0,4.8,0.155,Credit Card,6.46,0,0
100086,41.0,Hyderabad,2.58,123.54,1.8,2.302585092994046,3.0,4.0,0.15,Cash,5.56,0,0
100087,28.0,Delhi,2.46,110.79,1.8,2.9444389791664403,4.0,4.5,0.149,Cash,6.86,0,0
100088,57.0,Delhi,15.46,398.11,1.5,1.9459101490553132,4.0,3.5,0.332,upi,3.72,1,1
100089,46.0,Mumbai,22.09,380.8,1.0,4.23410650459726,4.0,4.5,0.036,UPI,9.58,0,0
100090,32.0,Bengaluru,6.38,219.81,1.8,2.5649493574615367,5.0,4.0,0.152,UPI,7.03,0,0
100091,31.0,Delhi,7.07,268.45,1.8,2.3978952727983707,5.0,4.5,0.072,cash,7.87,0,0
100092,55.0,Hyderabad,21.35,504.03,1.5,2.4849066497880004,4.0,4.0,0.14,Cash,6.01,0,0
100093,46.0,Delhi,13.78,219.64,1.0,2.302585092994046,4.0,4.2,0.051,cash,5.85,0,0
100094,27.0,Hyderabad,14.57,250.12,1.0,2.4849066497880004,5.0,4.2,0.017,Credit Card,7.41,0,0
100095,33.0,Mumbai,20.0,326.38,1.0,2.3978952727983707,2.0,4.2,0.096,Credit Card,4.48,0,0
100096,50.0,Mumbai,4.89,171.33,1.5,1.6094379124341003,4.0,5.0,0.325,Cash,4.74,1,0
100097,19.0,Delhi,6.21,123.79,1.0,2.1972245773362196,3.0,4.5,0.14,Cash,5.06,0,0
100098,28.0,Mumbai,15.01,322.04,1.2,4.812184355372417,3.0,4.2,0.164,UPI,8.39,0,0
100099,47.0,Hyderabad,2.7,743.635,1.0,2.9444389791664403,4.0,4.8,0.098,cash,7.68,0,0
100100,23.0,Hyderabad,13.91,268.21,1.0,4.727387818712341,4.0,4.2,0.181,cash,9.28,0,0
100101,57.0,Mumbai,9.4,208.87,1.0,2.3978952727983707,4.0,3.8,0.113,UPI,6.42,0,0
100102,25.0,Mumbai,10.62,209.43,1.0,1.791759469228055,5.0,3.8,0.148,Credit Card,5.69,0,0
100103,38.333333333333336,Delhi,27.46,743.635,2.2,2.3978952727983707,4.0,4.5,0.138,upi,5.93,0,0
100104,22.0,Mumbai,4.07,133.4,1.2,4.304065093204169,5.0,4.8,0.072,Cash,9.6,0,0
100105,38.0,Mumbai,2.17,74.32,1.2,3.6375861597263857,5.0,3.8,0.214,Credit Card,7.94,0,0
100106,33.0,Delhi,5.19,137.11,1.2,1.9459101490553132,5.0,4.5,0.075,credit_card,6.87,0,0
100107,29.0,Delhi,10.09,185.04,1.0,3.4011973816621555,5.0,3.5,0.166,UPI,8.66,0,0
100108,39.0,Hyderabad,9.43,289.51,1.8,3.295836866004329,4.0,4.8,0.13,Credit Card,7.86,0,0
100109,28.0,Pune,10.12,233.16,1.2,3.6109179126442243,5.0,4.2,0.209,UPI,7.92,0,0
100110,41.0,Delhi,19.03,743.635,3.2,3.332204510175204,4.0,4.5,0.019,Credit Card,9.22,0,0
100111,46.0,Bengaluru,23.82,607.97,1.5,3.295836866004329,5.0,3.5,0.119,Cash,7.99,0,0
100112,42.0,Mumbai,6.86,160.91,1.2,2.4849066497880004,4.0,4.2,0.03,Credit Card,6.91,0,0
100113,25.0,Delhi,30.29,743.635,2.2,2.70805020110221,2.0,4.2,0.087,cash,5.78,1,0
100114,49.0,Delhi,5.29,98.58,1.0,1.791759469228055,5.0,4.2,0.042,Credit Card,6.67,0,0
100115,40.0,Bengaluru,6.82,173.45,1.2,2.4849066497880004,5.0,5.0,0.11,upi,7.86,0,0
100116,48.0,Delhi,30.39,743.635,1.8,2.772588722239781,4.0,4.8,0.156,cash,7.02,1,0
100117,50.0,Mumbai,25.15,484.85,1.2,3.7376696182833684,3.0,4.5,0.027,UPI,9.28,0,0
100118,33.0,Hyderabad,6.9,253.38,1.8,3.044522437723423,5.0,4.2,0.313,Cash,7.24,0,0
100119,47.0,Mumbai,4.99,193.64,1.8,3.367295829986474,3.0,4.5,0.127,Cash,7.19,0,0
100120,29.0,Delhi,10.21,222.07,1.2,3.4339872044851463,2.0,5.0,0.238,credit_card,5.43,1,0
100121,45.0,Pune,8.23,159.41,1.0,2.302585092994046,5.0,3.8,0.11,credit_card,6.65,0,0
100122,19.0,Mumbai,6.71,291.37,2.2,2.302585092994046,5.0,4.8,0.035,Cash,6.98,0,0
100123,46.0,Hyderabad,21.82,382.91,1.0,1.6094379124341003,5.0,3.8,0.226,Credit Card,5.16,0,0
100124,38.0,Bengaluru,11.15,239.2,1.0,3.1780538303479458,4.0,5.0,0.056,Cash,7.0,0,0
100125,19.0,Bengaluru,7.15,403.38,3.2,2.9444389791664403,4.0,4.2,0.238,UPI,6.4,0,0
100126,42.0,Mumbai,8.41,265.51,1.5,2.639057329615259,4.0,4.2,0.053,credit_card,6.02,0,0
100127,32.0,Mumbai,4.43,136.83,1.5,2.639057329615259,5.0,4.5,0.068,UPI,7.69,0,0
100128,63.0,Mumbai,6.44,166.53,1.2,2.3978952727983707,4.0,5.0,0.027,credit_card,7.04,0,0
100129,40.0,Delhi,32.55,525.95,1.0,2.9444389791664403,5.0,4.2,0.139,UPI,7.2,0,0
100130,66.0,Mumbai,9.2,365.83,2.2,2.995732273553991,3.0,4.0,0.152,Credit Card,6.56,0,0
100131,47.0,Pune,2.78,125.61,1.2,2.639057329615259,4.0,4.8,0.294,Credit Card,6.07,0,0
100132,28.0,Bengaluru,31.8,743.635,1.5,2.772588722239781,3.0,4.0,0.205,Cash,5.24,1,0
100133,42.0,Pune,3.54,99.25,1.0,2.70805020110221,1.0,4.8,0.103,credit_card,4.56,1,0
100134,41.0,Pune,5.97,234.5,1.5,1.791759469228055,4.0,5.0,0.134,Credit Card,4.81,1,0
100135,48.0,Delhi,17.98,294.81,1.0,4.02535169073515,4.0,4.8,0.08,UPI,8.1,0,0
100136,19.0,Mumbai,2.69,743.635,1.0,3.4339872044851463,4.0,4.2,0.183,Cash,7.17,0,0
100137,35.0,Hyderabad,2.28,89.55,1.2,4.04305126783455,3.0,4.5,0.184,upi,6.31,0,0
100138,31.0,Bengaluru,11.44,234.5,1.0,1.9459101490553132,5.0,5.0,0.297,credit_card,5.62,0,0
100139,41.0,Delhi,30.75,743.635,1.5,3.091042453358316,5.0,4.2,0.119,credit_card,8.15,0,0
100140,33.0,Hyderabad,6.32,146.6,1.2,3.044522437723423,2.0,4.2,0.237,Credit Card,4.98,0,0
100141,42.0,Delhi,4.59,156.38,1.2,2.302585092994046,5.0,5.0,0.109,UPI,5.95,0,0
100142,46.0,Pune,7.36,195.51,1.2,3.4657359027997265,4.0,4.8,0.113,credit_card,7.21,0,0
100143,36.0,Delhi,43.02,743.635,1.2,2.639057329615259,5.0,3.8,0.122,UPI,7.99,0,0
100144,47.0,Bengaluru,2.18,139.53,1.5,2.1972245773362196,5.0,4.0,0.228,Credit Card,6.0,1,0
100145,33.0,Bengaluru,13.48,298.85,1.2,2.5649493574615367,2.0,4.2,0.17,Cash,4.35,1,0
100146,33.0,Bengaluru,4.9,133.94,1.0,2.0794415416798357,5.0,4.2,0.179,cash,7.09,0,0
100147,42.0,Delhi,20.61,621.08,1.8,2.70805020110221,4.0,4.5,0.117,UPI,6.14,0,0
100148,40.0,Bengaluru,14.83,317.51,1.2,2.3978952727983707,4.0,4.2,0.368,Cash,5.53,1,0
100149,43.0,Delhi,30.04,489.4,1.0,2.302585092994046,4.0,4.5,0.483,cash,4.36,1,0
100150,65.0,Delhi,23.26,402.18,1.0,2.8903717578961645,2.0,4.8,0.107,Credit Card,5.99,1,0
100151,26.0,Mumbai,17.54,307.57,1.0,3.8066624897703196,2.0,4.8,0.302,cash,5.73,0,0
100152,20.0,Delhi,46.02,743.635,1.5,3.7612001156935624,5.0,4.2,0.212,credit_card,8.35,0,0
100153,52.0,Delhi,4.67,132.34,1.0,3.1354942159291497,4.0,3.8,0.086,cash,5.43,0,1
100154,44.0,Delhi,28.54,481.98,1.0,3.970291913552122,4.0,4.8,0.203,Cash,7.31,0,0
100155,43.0,Hyderabad,10.83,403.22,2.2,2.0794415416798357,4.0,4.2,0.115,Cash,4.37,1,0
100156,30.0,Bengaluru,5.62,130.24,1.0,2.833213344056216,4.0,3.5,0.218,Credit Card,6.07,0,0
100157,21.0,Pune,12.14,285.65,1.2,3.1354942159291497,4.0,4.0,0.123,Cash,7.16,0,0
100158,35.0,Mumbai,6.71,228.89,1.8,2.995732273553991,5.0,4.5,0.283,UPI,6.64,0,0
100159,37.0,Hyderabad,3.32,88.39,1.0,4.406719247264253,4.0,5.0,0.132,Credit Card,9.7,0,0
100160,38.0,Delhi,8.76,228.31,1.5,1.3862943611198906,4.0,4.8,0.062,Credit Card,4.77,0,0
100161,39.0,Hyderabad,5.66,148.16,1.2,2.302585092994046,3.0,4.5,0.077,Credit Card,6.01,0,0
100162,53.0,Mumbai,34.15,564.8,1.0,4.356708826689592,3.0,5.0,0.309,Credit Card,8.21,0,0
100163,25.0,Bengaluru,7.32,173.22,1.0,2.8903717578961645,4.0,4.2,0.074,Credit Card,7.14,0,0
100164,19.0,Mumbai,7.34,204.33,1.2,2.639057329615259,2.0,3.8,0.323,Credit Card,3.75,0,0
100165,33.0,Bengaluru,2.34,75.46,1.0,2.5649493574615367,5.0,5.0,0.042,UPI,7.76,0,0
100166,19.0,Hyderabad,14.21,278.59,1.0,3.6888794541139363,4.0,4.0,0.238,Credit Card,7.7,0,0
100167,19.0,Bengaluru,29.39,740.97,1.5,3.8712010109078907,5.0,4.8,0.062,credit_card,9.48,0,0
100168,56.0,Hyderabad,2.01,86.55,1.0,3.367295829986474,5.0,3.5,0.259,credit_card,7.47,0,0
100169,40.0,Pune,28.58,552.48,1.2,2.639057329615259,5.0,3.5,0.023,Cash,7.67,0,0
100170,30.0,Bengaluru,7.34,156.36,1.0,2.772588722239781,3.0,4.2,0.025,credit_card,6.03,0,0
100171,33.0,Bengaluru,4.08,135.63,1.2,2.4849066497880004,4.0,4.0,0.195,Credit Card,6.75,0,0
100172,59.0,Hyderabad,14.08,342.23,1.5,2.3978952727983707,4.0,4.2,0.033,credit_card,7.43,0,1
100173,52.0,Bengaluru,3.24,108.22,1.0,2.995732273553991,3.0,4.5,0.095,Credit Card,6.34,0,0
100174,49.0,Pune,19.23,483.65,1.5,3.332204510175204,5.0,4.0,0.076,Credit Card,9.14,0,0
100175,42.0,Hyderabad,14.44,254.01,1.0,3.7612001156935624,5.0,5.0,0.098,Cash,8.67,0,0
100176,39.333333333333336,Mumbai,22.83,585.28,1.5,3.6109179126442243,5.0,4.5,0.304,Cash,7.93,0,0
100177,36.0,Delhi,42.99,743.635,3.2,3.091042453358316,5.0,3.5,0.121,Cash,8.75,0,0
100178,-3.0,Delhi,4.92,154.34,1.0,2.1972245773362196,3.0,4.0,0.166,Cash,5.27,0,0
100179,62.0,Hyderabad,6.14,162.19,1.2,2.70805020110221,5.0,4.2,0.321,Cash,6.52,0,0
100180,35.0,Mumbai,30.53,741.33,1.5,2.302585092994046,3.0,4.2,0.05,UPI,4.89,1,0
100181,22.0,Delhi,3.47,79.6,1.0,3.044522437723423,4.0,4.2,0.096,UPI,7.05,0,0
100182,19.0,Mumbai,12.54,257.1,1.2,1.791759469228055,5.0,4.5,0.571,Cash,3.49,0,0
100183,48.0,Mumbai,7.49,132.37,1.0,3.295836866004329,5.0,3.5,0.235,Credit Card,8.31,0,0
100184,19.0,Delhi,22.71,657.02,1.8,2.3978952727983707,4.0,4.5,0.025,upi,6.79,0,0
100185,45.0,Delhi,2.23,234.5,1.0,1.791759469228055,4.0,4.5,0.077,UPI,5.02,0,0
100186,41.0,Hyderabad,28.61,743.635,1.8,4.0943445622221,4.0,5.0,0.266,Credit Card,8.06,0,0
100187,36.0,Hyderabad,8.47,460.77,3.2,3.5553480614894135,5.0,4.5,0.15,cash,8.41,0,0
100188,68.0,Delhi,27.07,743.635,2.2,2.995732273553991,5.0,4.2,0.176,Cash,8.23,0,0
100189,31.0,Delhi,18.76,317.26,1.0,3.258096538021482,5.0,4.2,0.093,UPI,8.31,0,0
100190,44.0,Bengaluru,12.89,349.67,1.5,3.258096538021482,4.0,4.5,0.258,UPI,6.74,0,0
100191,23.0,Delhi,23.72,410.09,1.0,2.302585092994046,4.0,4.8,0.194,Cash,5.33,0,0
100192,28.0,Delhi,7.13,169.0,1.0,3.5553480614894135,4.0,4.5,0.18,Cash,7.87,0,0
100193,47.0,Bengaluru,23.16,460.09,1.2,1.791759469228055,4.0,4.5,0.183,cash,5.44,0,0
100194,29.0,Bengaluru,4.49,124.14,1.0,1.9459101490553132,5.0,4.5,0.096,Credit Card,6.33,0,0
100195,38.0,Hyderabad,21.84,454.8,1.2,3.6888794541139363,5.0,4.8,0.186,Cash,8.41,0,0
100196,38.333333333333336,Bengaluru,5.51,234.5,1.8,4.07753744390572,2.0,4.2,0.288,credit_card,6.6,0,0
100197,39.0,Mumbai,12.76,241.19,1.0,2.1972245773362196,4.0,4.8,0.085,UPI,6.07,0,0
100198,33.0,Mumbai,4.53,130.62,1.0,2.3978952727983707,3.0,4.8,0.109,Credit Card,5.54,0,0
100199,39.0,Mumbai,14.11,438.01,1.8,3.4657359027997265,4.0,4.0,0.264,UPI,7.47,1,0
100200,19.0,Mumbai,3.67,90.95,1.0,3.044522437723423,5.0,4.0,0.156,Credit Card,7.86,0,0
100201,35.0,Pune,2.55,91.56,1.2,2.0794415416798357,4.0,5.0,0.085,Cash,5.52,0,0
100202,51.0,Hyderabad,13.83,257.19,1.0,4.465908118654584,5.0,4.2,0.164,upi,10.0,0,0
100203,59.0,Hyderabad,11.94,214.0,1.0,2.833213344056216,5.0,3.8,0.171,UPI,7.77,0,0
100204,46.0,Delhi,17.04,291.65,1.0,4.709530201312334,4.0,4.2,0.036,Credit Card,9.91,0,0
100205,40.0,Mumbai,8.22,266.0,1.8,3.1354942159291497,4.0,5.0,0.08,credit_card,6.46,0,0
100206,40.0,Bengaluru,10.86,389.35,2.2,4.2626798770413155,1.0,4.2,0.204,UPI,6.04,1,0
100207,29.0,Pune,6.9,162.57,1.0,2.4849066497880004,5.0,4.0,0.249,Cash,5.49,0,0
100208,50.0,Mumbai,20.05,505.87,1.5,2.4849066497880004,4.0,4.2,0.095,Credit Card,7.28,0,0
100209,49.0,Hyderabad,11.15,236.71,1.0,1.9459101490553132,5.0,4.5,0.137,Cash,5.53,0,0
100210,32.0,Pune,6.16,155.05,1.0,3.6635616461296463,4.0,4.0,0.381,Cash,6.62,0,0
100211,19.0,Mumbai,10.8,404.35,2.2,2.639057329615259,5.0,4.0,0.343,UPI,6.22,0,0
100212,43.0,Bengaluru,12.46,234.5,1.8,2.833213344056216,4.0,4.5,0.162,cash,7.49,1,0
100213,53.0,Pune,13.41,237.11,1.0,2.8903717578961645,4.0,3.8,0.267,Credit Card,5.45,1,0
100214,33.0,Delhi,8.56,159.98,1.0,2.4849066497880004,4.0,4.2,0.068,Credit Card,6.03,0,0
100215,41.0,Hyderabad,6.5,168.91,1.2,2.3978952727983707,4.0,4.2,0.204,upi,5.63,0,0
100216,43.0,Delhi,7.86,161.93,1.0,3.6375861597263857,3.0,5.0,0.466,Credit Card,5.06,1,0
100217,50.0,Mumbai,5.64,241.9,1.8,1.791759469228055,4.0,4.2,0.22,Cash,5.61,1,1
100218,44.0,Hyderabad,2.47,119.53,1.5,2.772588722239781,5.0,4.0,0.073,credit_card,7.39,0,0
100219,27.0,Pune,8.69,206.65,1.2,4.0943445622221,5.0,4.5,0.206,Credit Card,9.46,0,0
100220,48.0,Delhi,9.34,227.0,1.2,2.0794415416798357,4.0,5.0,0.267,cash,5.23,0,1
100221,34.0,Mumbai,3.22,75.86,1.2,1.9459101490553132,2.0,4.2,0.076,Cash,4.55,0,0
100222,38.0,Delhi,12.15,279.05,1.2,2.639057329615259,3.0,4.5,0.141,Credit Card,5.83,0,0
100223,49.0,Bengaluru,12.44,481.27,2.2,1.3862943611198906,5.0,4.8,0.085,cash,5.33,0,0
100224,19.0,Delhi,4.31,158.09,1.5,2.0794415416798357,1.0,4.8,0.157,credit_card,2.77,0,0
100225,48.0,Hyderabad,21.99,234.5,1.0,2.4849066497880004,5.0,5.0,0.063,credit_card,7.72,0,0
100226,25.0,Mumbai,6.01,137.26,1.0,1.6094379124341003,4.0,5.0,0.408,credit_card,3.46,1,0
100227,31.0,Delhi,28.06,483.61,1.0,3.295836866004329,5.0,4.5,0.088,Cash,7.71,0,0
100228,53.0,Delhi,31.62,525.77,1.0,3.044522437723423,4.0,4.2,0.138,credit_card,7.4,0,1
100229,52.0,Delhi,36.26,566.67,1.0,2.9444389791664403,3.0,4.2,0.082,Credit Card,5.85,1,0
100230,28.0,Bengaluru,33.96,743.635,1.5,2.4849066497880004,4.0,4.5,0.153,credit_card,6.0,0,0
100231,26.0,Mumbai,2.58,97.19,1.0,3.4657359027997265,2.0,4.0,0.162,Cash,6.0,0,0
100232,20.0,Delhi,56.81,743.635,1.0,2.3978952727983707,4.0,5.0,0.108,Credit Card,5.82,0,0
100233,28.0,Bengaluru,24.29,429.43,1.0,1.3862943611198906,4.0,4.2,0.532,credit_card,2.74,1,0
100234,57.0,Pune,3.74,156.27,1.8,2.772588722239781,5.0,4.0,0.094,UPI,8.0,0,0
100235,40.0,Mumbai,6.35,228.23,1.5,3.044522437723423,5.0,5.0,0.17,cash,7.91,0,0
100236,26.0,Hyderabad,13.42,261.17,1.0,1.6094379124341003,3.0,4.8,0.159,UPI,4.01,0,0
100237,36.0,Mumbai,12.78,210.85,1.0,2.772588722239781,3.0,4.5,0.069,upi,6.15,0,0
100238,22.0,Mumbai,22.62,369.36,1.0,2.833213344056216,3.0,3.8,0.106,Cash,6.17,0,0
100239,37.0,Delhi,4.9,131.25,1.0,2.9444389791664403,4.0,4.5,0.405,cash,5.71,0,0
100240,46.0,Mumbai,11.82,220.2,1.0,2.833213344056216,2.0,4.8,0.251,cash,4.76,0,0
100241,32.333333333333336,Hyderabad,10.92,327.4,1.8,2.8903717578961645,1.0,4.0,0.04,Cash,5.01,1,0
100242,48.0,Mumbai,12.72,254.28,1.0,4.204692619390966,4.0,4.0,0.047,Credit Card,9.38,0,0
100243,57.0,Delhi,15.18,397.88,1.5,2.4849066497880004,2.0,4.5,0.17,Credit Card,4.41,1,0
100244,49.0,Bengaluru,6.08,117.29,1.0,2.5649493574615367,4.0,3.5,0.102,Credit Card,6.21,0,0
100245,31.0,Mumbai,8.93,179.78,1.0,3.367295829986474,4.0,4.2,0.174,Cash,7.46,0,0
100246,49.0,Mumbai,9.04,302.13,1.8,3.6109179126442243,4.0,3.5,0.127,credit_card,7.49,0,0
100247,26.0,Delhi,13.27,482.96,2.2,2.9444389791664403,1.0,4.8,0.202,cash,5.02,1,0
100248,25.0,Hyderabad,15.83,283.57,1.0,3.828641396489095,4.0,4.0,0.017,UPI,8.38,0,0
100249,64.0,Mumbai,11.73,252.83,1.0,3.258096538021482,5.0,4.0,0.109,Cash,7.7,0,0
100250,23.0,Bengaluru,7.01,232.25,1.8,2.3978952727983707,4.0,4.2,0.414,Credit Card,5.57,0,0
100251,50.33333333333333,Mumbai,3.17,110.65,1.2,3.5553480614894135,5.0,4.8,0.021,upi,9.79,0,0
100252,35.0,Mumbai,51.21,743.635,1.0,3.367295829986474,4.0,4.2,0.282,credit_card,7.04,0,0
100253,39.0,Bengaluru,9.63,281.64,1.5,3.9889840465642745,5.0,4.2,0.26,cash,8.5,0,0
100254,54.0,Hyderabad,20.83,360.12,1.0,2.1972245773362196,4.0,4.2,0.079,UPI,6.13,0,0
100255,48.0,Mumbai,5.41,113.09,1.0,3.5553480614894135,5.0,4.5,0.064,Credit Card,9.61,0,0
100256,54.0,Hyderabad,7.17,209.68,1.2,2.1972245773362196,4.0,4.2,0.538,Cash,2.0,1,1
100257,47.0,Bengaluru,11.86,244.07,1.0,2.3978952727983707,3.0,4.8,0.09,Credit Card,5.08,1,0
100258,42.0,Bengaluru,11.46,252.09,1.2,3.367295829986474,5.0,4.2,0.119,Credit Card,8.64,0,0
100259,21.0,Hyderabad,17.53,300.35,1.0,3.295836866004329,4.0,4.5,0.314,cash,6.82,0,0
100260,40.0,Pune,3.4,65.96,1.0,3.6635616461296463,4.0,4.2,0.088,UPI,8.26,0,0
100261,29.0,Mumbai,8.34,182.67,1.0,2.8903717578961645,4.0,4.8,0.11,Credit Card,7.74,0,0
100262,29.0,Bengaluru,6.9,271.52,2.2,3.1354942159291497,4.0,4.2,0.189,Cash,7.21,0,0
100263,35.0,Pune,3.24,141.41,2.2,1.9459101490553132,4.0,4.8,0.468,credit_card,3.48,1,1
100264,47.33333333333333,Delhi,23.38,565.79,1.5,2.0794415416798357,4.0,4.2,0.157,cash,5.9,1,0
100265,50.0,Mumbai,4.18,97.74,1.0,3.044522437723423,2.0,4.0,0.046,UPI,6.88,0,0
100266,50.0,Bengaluru,4.99,146.11,1.2,3.4011973816621555,5.0,5.0,0.106,Cash,8.44,0,0
100267,25.0,Bengaluru,14.71,375.32,1.5,2.639057329615259,5.0,4.5,0.336,credit_card,5.62,0,0
100268,38.0,Mumbai,9.1,166.68,1.0,2.772588722239781,5.0,4.2,0.244,Cash,7.45,0,0
100269,35.0,Delhi,8.22,256.9,1.5,2.3978952727983707,5.0,4.2,0.138,Cash,7.52,0,0
100270,42.0,Bengaluru,24.09,408.99,1.0,2.302585092994046,1.0,4.8,0.082,UPI,3.27,1,0
100271,48.0,Delhi,18.51,558.82,1.8,3.295836866004329,2.0,4.2,0.069,Cash,6.28,1,0
100272,36.0,Bengaluru,11.88,221.62,1.0,3.091042453358316,3.0,5.0,0.07,credit_card,6.21,0,0
100273,39.0,Mumbai,3.77,86.28,1.0,3.1780538303479458,3.0,4.0,0.487,UPI,4.64,1,0
100274,46.0,Hyderabad,3.33,125.57,1.5,2.302585092994046,5.0,4.5,0.003,cash,7.37,0,0
100275,43.0,Mumbai,9.18,290.6,1.8,3.8712010109078907,4.0,4.2,0.011,Credit Card,9.2,0,0
100276,40.666666666666664,Mumbai,24.45,524.93,1.2,2.3978952727983707,4.0,5.0,0.015,Cash,7.59,0,0
100277,19.0,Hyderabad,8.55,203.81,1.0,2.70805020110221,3.0,4.2,0.091,upi,5.47,0,0
100278,26.0,Mumbai,32.29,575.81,1.0,1.6094379124341003,3.0,4.8,0.278,Cash,3.93,1,0
100279,36.0,Pune,10.44,207.27,1.0,2.639057329615259,5.0,4.8,0.112,Credit Card,7.63,0,0
100280,26.0,Hyderabad,2.06,65.66,1.0,2.8903717578961645,4.0,4.2,0.339,Cash,6.7,0,0
100281,25.0,Mumbai,30.79,743.635,1.8,2.639057329615259,4.0,4.2,0.084,Cash,6.14,1,0
100282,19.0,Hyderabad,18.55,366.64,1.2,3.9318256327243257,3.0,4.2,0.514,Credit Card,7.02,0,0
100283,46.0,Bengaluru,11.54,244.53,1.2,2.772588722239781,5.0,4.5,0.078,upi,7.63,0,0
100284,34.0,Bengaluru,10.25,268.07,1.5,1.0986122886681096,4.0,4.2,0.036,UPI,5.0,0,0
100285,27.0,Hyderabad,4.13,153.67,1.5,2.302585092994046,4.0,4.2,0.148,upi,6.36,0,0
100286,59.0,Pune,24.1,617.47,1.5,3.6109179126442243,2.0,4.8,0.284,UPI,5.83,0,0
100287,32.0,Mumbai,6.21,150.61,1.2,2.995732273553991,3.0,4.5,0.069,UPI,6.39,0,0
100288,48.0,Mumbai,3.34,103.68,1.0,3.6109179126442243,1.0,4.2,0.167,Credit Card,5.0,1,0
100289,41.0,Mumbai,18.28,302.51,1.0,3.367295829986474,2.0,4.5,0.015,Cash,7.0,1,0
100290,45.0,Bengaluru,17.16,290.66,1.0,2.772588722239781,4.0,4.0,0.167,Credit Card,6.55,0,0
100291,19.0,Delhi,2.27,133.64,1.8,3.332204510175204,1.0,4.5,0.04,Credit Card,5.78,0,0
100292,36.0,Hyderabad,6.12,234.5,1.0,3.2188758248682006,3.0,4.2,0.009,Cash,7.52,0,0
100293,33.0,Delhi,2.25,129.06,1.8,2.639057329615259,4.0,4.8,0.148,Cash,4.86,1,1
100294,46.0,Bengaluru,12.36,210.44,1.0,2.1972245773362196,4.0,4.5,0.102,Credit Card,6.57,0,1
100295,71.0,Delhi,5.37,193.88,1.8,2.772588722239781,3.0,4.0,0.109,cash,5.03,1,0
100296,56.0,Delhi,15.91,743.635,3.2,3.332204510175204,3.0,4.2,0.142,Cash,7.32,0,0
100297,53.0,Mumbai,23.93,456.73,1.2,3.295836866004329,4.0,4.5,0.103,Credit Card,7.94,0,0
100298,20.0,Delhi,6.03,148.48,1.2,4.204692619390966,1.0,4.8,0.163,Credit Card,6.68,0,0
100299,41.0,Bengaluru,9.89,189.26,1.0,2.9444389791664403,4.0,4.2,0.246,Credit Card,6.43,1,1
100300,35.0,Delhi,43.85,743.635,1.2,4.060443010546419,5.0,4.5,0.088,credit_card,9.66,0,0
100301,21.0,Mumbai,7.09,277.98,1.8,4.394449154672439,5.0,4.0,0.424,UPI,7.94,0,0
100302,42.0,Mumbai,9.64,305.83,1.5,3.58351893845611,5.0,4.5,0.22,Cash,7.96,0,0
100303,50.0,Pune,2.41,104.87,1.5,2.772588722239781,2.0,4.2,0.021,Credit Card,5.05,0,0
100304,42.0,Bengaluru,10.15,228.99,1.2,2.639057329615259,5.0,4.2,0.184,Cash,6.49,0,0
100305,49.0,Bengaluru,19.7,324.75,1.0,2.772588722239781,2.0,4.2,0.104,UPI,5.36,0,0
100306,54.0,Mumbai,19.51,347.15,1.0,3.6109179126442243,5.0,4.5,0.117,Credit Card,8.96,0,0
100307,33.0,Delhi,9.52,195.62,1.0,3.091042453358316,2.0,4.0,0.092,upi,5.82,0,0
100308,61.0,Mumbai,13.25,285.93,1.2,3.9889840465642745,4.0,4.8,0.21,Credit Card,8.02,0,0
100309,28.0,Mumbai,10.78,300.13,1.5,2.9444389791664403,2.0,4.8,0.195,UPI,5.24,1,0
100310,35.0,Mumbai,6.98,151.87,1.0,3.091042453358316,2.0,4.0,0.351,credit_card,4.77,1,0
100311,54.0,Delhi,16.1,292.83,1.0,2.8903717578961645,5.0,4.0,0.152,Cash,8.3,0,0
100312,33.0,Delhi,2.15,60.0,1.0,3.295836866004329,3.0,3.5,0.022,Credit Card,6.83,0,0
100313,20.0,Delhi,2.65,85.12,1.0,3.7376696182833684,5.0,3.8,0.326,credit_card,7.75,0,0
100314,51.0,Delhi,24.07,581.51,1.5,1.6094379124341003,5.0,4.8,0.127,Credit Card,5.8,0,0
100315,60.0,Hyderabad,2.15,108.8,1.0,2.995732273553991,5.0,3.8,0.03,Credit Card,7.88,0,0
100316,44.0,Delhi,13.29,257.18,1.0,2.302585092994046,5.0,4.5,0.096,credit_card,6.96,0,0
100317,39.0,Hyderabad,5.31,192.71,1.8,2.302585092994046,5.0,5.0,0.279,UPI,5.8,0,0
100318,34.0,Delhi,13.73,301.06,1.2,4.430816798843313,4.0,4.5,0.053,cash,9.13,1,1
100319,44.0,Delhi,12.9,268.8,1.0,3.1780538303479458,5.0,4.0,0.042,Credit Card,8.65,0,0
100320,48.66666666666667,Delhi,2.65,132.79,1.8,1.9459101490553132,5.0,4.0,0.044,Cash,7.35,0,0
100321,36.0,Bengaluru,43.41,712.45,1.0,2.302585092994046,3.0,3.8,0.242,UPI,5.1,1,0
100322,42.0,Delhi,7.67,162.21,1.0,3.258096538021482,1.0,4.2,0.211,UPI,4.92,1,0
100323,19.0,Bengaluru,4.37,178.35,2.2,2.8903717578961645,3.0,4.2,0.118,Credit Card,5.31,0,0
100324,38.0,Mumbai,2.24,119.44,1.0,3.2188758248682006,4.0,4.2,0.141,Cash,7.55,0,0
100325,55.0,Mumbai,9.71,208.36,1.0,2.833213344056216,4.0,3.8,0.216,Credit Card,5.82,1,0
100326,39.0,Hyderabad,23.32,404.13,1.0,2.8903717578961645,5.0,4.2,0.131,UPI,7.72,0,0
100327,19.0,Delhi,5.82,194.1,1.5,2.5649493574615367,4.0,4.2,0.022,Credit Card,7.05,0,0
100328,28.0,Hyderabad,3.93,132.73,1.5,2.302585092994046,4.0,4.8,0.147,UPI,6.0,0,0
100329,19.0,Delhi,23.77,661.32,1.8,2.9444389791664403,4.0,4.2,0.313,UPI,6.11,0,1
100330,19.0,Hyderabad,9.14,438.65,2.8,3.6375861597263857,4.0,4.0,0.131,Credit Card,7.74,0,0
100331,56.0,Pune,9.49,225.16,1.2,3.044522437723423,3.0,4.2,0.156,UPI,5.43,1,0
100332,40.0,Pune,5.91,141.86,1.0,2.4849066497880004,1.0,4.5,0.065,cash,3.68,1,0
100333,44.0,Hyderabad,3.52,119.13,1.0,3.9512437185814275,5.0,4.5,0.032,Cash,9.25,0,0
100334,19.0,Bengaluru,4.31,137.97,1.5,1.6094379124341003,2.0,4.8,0.184,Credit Card,3.65,0,0
100335,45.0,Delhi,4.87,187.13,1.5,2.302585092994046,5.0,4.2,0.07,UPI,7.29,0,0
100336,46.0,Mumbai,33.8,671.99,1.2,3.4657359027997265,2.0,4.8,0.224,Credit Card,5.82,0,0
100337,53.0,Mumbai,11.99,246.15,1.0,4.143134726391533,5.0,4.2,0.173,UPI,9.88,0,0
100338,25.0,Delhi,11.76,464.49,2.2,3.091042453358316,2.0,3.5,0.089,Credit Card,5.02,0,0
100339,41.333333333333336,Delhi,5.09,173.57,1.5,2.0794415416798357,5.0,4.0,0.089,upi,6.65,0,0
100340,53.0,Bengaluru,5.89,223.6,2.2,2.772588722239781,4.0,4.2,0.081,cash,4.54,1,1
100341,46.0,Bengaluru,15.3,345.09,1.2,1.6094379124341003,2.0,4.0,0.165,Credit Card,3.39,1,0
100342,34.0,Bengaluru,21.17,743.635,3.2,3.1354942159291497,2.0,4.5,0.244,UPI,5.16,1,0
100343,47.0,Mumbai,12.67,387.98,1.8,2.70805020110221,5.0,5.0,0.2,Cash,6.38,1,0
100344,59.0,Hyderabad,3.43,124.05,1.2,2.1972245773362196,1.0,3.8,0.067,cash,4.01,1,0
100345,42.0,Delhi,12.28,639.9,3.2,3.4657359027997265,2.0,4.0,0.319,Credit Card,5.91,0,0
100346,44.0,Bengaluru,29.2,743.635,1.8,2.8903717578961645,4.0,4.2,0.036,cash,4.63,1,1
100347,49.0,Bengaluru,15.92,344.99,1.2,3.4657359027997265,5.0,4.0,0.199,UPI,7.9,0,0
100348,47.0,Mumbai,26.52,429.48,1.0,1.6094379124341003,3.0,4.0,0.11,Cash,4.04,0,0
100349,36.0,Mumbai,2.76,137.38,2.2,3.367295829986474,1.0,3.8,0.152,Cash,4.98,0,0
100350,39.0,Hyderabad,5.79,179.03,1.5,3.5263605246161616,4.0,4.0,0.152,Cash,7.64,0,0
100351,19.0,Mumbai,13.1,270.76,1.0,1.9459101490553132,5.0,5.0,0.096,Credit Card,6.15,0,0
100352,22.0,Mumbai,32.44,743.635,2.2,3.1780538303479458,3.0,4.5,0.084,Credit Card,6.95,0,0
100353,69.0,Mumbai,16.37,315.68,1.0,2.8903717578961645,3.0,4.8,0.124,upi,6.04,1,0
100354,31.0,Mumbai,3.98,152.48,1.5,2.8903717578961645,2.0,4.8,0.185,Credit Card,5.73,0,0
100355,19.0,Delhi,20.08,408.72,1.2,3.6635616461296463,5.0,4.2,0.038,Cash,7.84,0,0
100356,54.0,Pune,2.6,101.08,1.5,3.295836866004329,5.0,4.8,0.259,UPI,7.24,0,0
100357,60.0,Pune,5.33,219.78,2.2,2.5649493574615367,4.0,4.2,0.113,Cash,6.91,0,0
100358,22.0,Mumbai,12.37,316.75,1.5,3.4965075614664802,5.0,4.8,0.198,credit_card,8.78,0,0
100359,38.0,Delhi,4.54,131.0,1.2,1.3862943611198906,4.0,4.8,0.195,Credit Card,3.95,0,0
100360,35.0,Mumbai,3.14,133.38,1.5,2.302585092994046,5.0,4.5,0.147,Cash,6.46,0,0
100361,34.0,Delhi,35.61,743.635,2.2,2.772588722239781,3.0,4.2,0.079,Credit Card,6.26,1,0
100362,28.0,Hyderabad,4.25,226.22,2.8,3.4339872044851463,4.0,4.8,0.469,Credit Card,5.77,0,0
100363,28.0,Mumbai,2.93,148.49,2.2,2.302585092994046,1.0,4.2,0.041,cash,4.46,1,0
100364,32.0,Delhi,3.43,151.73,1.8,3.1780538303479458,5.0,4.0,0.145,Cash,7.35,0,0
100365,45.0,Bengaluru,27.28,442.14,1.0,3.713572066704308,5.0,4.2,0.093,credit_card,9.38,0,0
100366,36.0,Bengaluru,6.32,195.95,1.5,1.791759469228055,4.0,4.5,0.305,Cash,3.91,0,0
100367,41.0,Bengaluru,6.27,122.25,1.0,2.1972245773362196,2.0,3.8,0.157,cash,4.3,0,0
100368,40.0,Hyderabad,6.25,186.95,1.5,2.772588722239781,3.0,4.0,0.06,Cash,5.75,1,0
100369,36.0,Delhi,8.12,417.26,3.2,3.5263605246161616,5.0,5.0,0.248,Cash,8.09,0,0
100370,30.0,Mumbai,4.03,101.57,1.0,4.0943445622221,4.0,4.2,0.199,Cash,9.7,0,1
100371,28.0,Hyderabad,9.26,208.89,1.2,2.3978952727983707,3.0,4.2,0.087,credit_card,5.35,0,0
100372,34.0,Pune,10.87,404.2,2.2,3.044522437723423,5.0,4.8,0.144,Credit Card,7.58,0,0
100373,38.0,Hyderabad,3.01,119.92,1.2,2.3978952727983707,5.0,4.2,0.213,Credit Card,5.93,0,0
100374,21.0,Delhi,2.55,89.78,1.2,4.110873864173311,5.0,5.0,0.019,Credit Card,10.0,0,0
100375,29.0,Delhi,37.43,743.635,2.2,2.833213344056216,5.0,4.5,0.245,UPI,7.07,0,0
100376,50.0,Delhi,24.59,430.52,1.0,1.9459101490553132,5.0,4.5,0.121,UPI,6.89,1,0
100377,28.0,Delhi,9.3,179.54,1.0,2.639057329615259,5.0,5.0,0.11,UPI,7.68,0,0
100378,39.0,Bengaluru,7.49,298.53,2.2,3.58351893845611,5.0,3.8,0.153,Cash,7.91,0,0
100379,21.0,Delhi,36.6,743.635,1.5,3.332204510175204,4.0,4.5,0.098,UPI,7.47,0,0
100380,53.0,Delhi,12.96,234.69,1.0,2.5649493574615367,3.0,3.5,0.366,Cash,4.68,1,0
100381,54.0,Mumbai,84.74,743.635,1.0,1.9459101490553132,4.0,4.0,0.033,Cash,5.05,1,0
100382,41.0,Delhi,5.75,122.19,1.2,2.639057329615259,4.0,4.8,0.052,Cash,6.12,0,0
100383,40.0,Hyderabad,9.88,203.18,1.0,1.9459101490553132,5.0,5.0,0.032,Credit Card,7.45,0,0
100384,44.0,Bengaluru,3.78,124.77,1.0,3.784189633918261,4.0,5.0,0.056,UPI,8.54,0,0
100385,36.0,Bengaluru,10.64,214.27,1.0,4.007333185232471,4.0,4.8,0.216,Credit Card,9.31,0,0
100386,29.0,Delhi,2.62,91.52,1.0,3.258096538021482,4.0,4.2,0.047,Credit Card,7.16,0,0
100387,48.0,Delhi,21.43,349.6,1.0,2.639057329615259,3.0,4.8,0.542,credit_card,3.92,0,0
100388,29.0,Mumbai,8.62,295.28,1.8,2.302585092994046,5.0,4.2,0.048,Credit Card,8.0,0,0
100389,43.0,Hyderabad,4.55,141.06,1.2,3.4657359027997265,1.0,4.2,0.057,Cash,5.87,0,0
100390,53.0,Delhi,4.35,146.61,1.2,3.091042453358316,4.0,4.2,0.105,cash,7.25,1,1
100391,24.0,Mumbai,23.08,485.15,1.2,3.58351893845611,2.0,4.5,0.242,cash,5.71,0,0
100392,36.0,Bengaluru,23.27,460.75,1.2,1.3862943611198906,5.0,4.2,0.319,Cash,4.59,0,0
100393,38.0,Pune,5.29,126.77,1.0,3.1780538303479458,3.0,5.0,0.096,Credit Card,7.34,0,0
100394,35.0,Bengaluru,22.06,402.09,1.0,4.127134385045092,3.0,4.5,0.144,credit_card,7.7,0,0
100395,32.0,Mumbai,22.28,360.09,1.0,3.258096538021482,4.0,4.5,0.262,Credit Card,6.12,0,0
100396,39.0,Mumbai,3.17,111.89,1.2,2.4849066497880004,4.0,3.8,0.149,cash,6.69,1,0
100397,23.0,Pune,21.62,425.72,1.2,3.6375861597263857,4.0,4.8,0.184,Credit Card,7.6,1,0
100398,50.0,Bengaluru,4.3,179.8,2.2,2.5649493574615367,4.0,4.0,0.32,upi,5.14,0,0
100399,58.0,Delhi,3.18,147.86,1.8,2.70805020110221,2.0,4.2,0.222,cash,4.41,1,0
100400,56.0,Delhi,37.35,743.635,3.2,4.406719247264253,1.0,4.8,0.267,cash,6.44,0,0
100401,63.0,Bengaluru,5.75,156.17,1.2,2.833213344056216,4.0,3.5,0.18,Cash,6.06,1,0
100402,34.0,Delhi,17.86,335.77,1.0,2.5649493574615367,4.0,4.2,0.362,Cash,4.81,1,0
100403,52.0,Pune,7.88,184.72,1.0,2.0794415416798357,5.0,4.0,0.207,Cash,6.63,0,0
100404,29.0,Delhi,4.57,208.06,2.2,2.3978952727983707,1.0,4.8,0.254,Credit Card,2.74,1,0
100405,23.0,Mumbai,3.97,234.5,1.2,2.8903717578961645,4.0,4.5,0.309,Credit Card,5.78,1,0
100406,27.0,Bengaluru,10.49,221.01,1.0,3.6888794541139363,4.0,4.2,0.05,UPI,8.4,0,0
100407,33.0,Hyderabad,15.09,262.11,1.0,2.1972245773362196,5.0,4.8,0.16,Credit Card,6.3,0,0
100408,19.0,Mumbai,8.89,161.77,1.0,3.1780538303479458,4.0,4.8,0.03,cash,7.7,0,0
100409,38.0,Mumbai,16.89,302.94,1.0,2.995732273553991,5.0,5.0,0.14,UPI,7.62,0,0
100410,38.0,Delhi,20.14,362.44,1.0,2.5649493574615367,4.0,4.2,0.349,Cash,4.34,0,0
100411,72.0,Mumbai,13.4,269.72,1.0,2.639057329615259,5.0,4.2,0.054,credit_card,6.77,0,0
100412,42.0,Bengaluru,3.52,104.06,1.0,3.5553480614894135,2.0,3.8,0.289,Cash,5.82,1,0
100413,55.0,Bengaluru,26.72,743.635,1.8,2.639057329615259,5.0,4.0,0.209,Credit Card,7.16,0,0
100414,45.0,Hyderabad,2.84,98.52,1.0,2.302585092994046,3.0,4.2,0.05,UPI,5.76,0,0
100415,30.0,Mumbai,3.24,78.56,1.0,2.995732273553991,2.0,4.5,0.084,Cash,5.15,0,0
100416,26.0,Mumbai,26.57,453.64,1.0,4.110873864173311,4.0,5.0,0.293,Cash,7.9,0,0
100417,31.0,Bengaluru,5.03,143.1,1.0,1.9459101490553132,5.0,4.5,0.181,Credit Card,6.19,1,0
100418,34.0,Bengaluru,19.69,572.63,1.8,1.791759469228055,4.0,4.8,0.22,upi,4.46,0,0
100419,52.0,Mumbai,4.13,130.84,1.2,3.4657359027997265,2.0,4.0,0.182,cash,5.87,0,0
100420,53.0,Mumbai,11.79,234.5,1.2,2.5649493574615367,4.0,4.5,0.481,Credit Card,5.27,1,0
100421,33.0,Hyderabad,2.91,90.84,1.0,2.639057329615259,5.0,4.2,0.113,Cash,7.87,0,0
100422,35.0,Mumbai,16.26,289.82,1.0,2.70805020110221,4.0,4.2,0.029,UPI,5.97,0,0
100423,28.0,Hyderabad,6.96,155.9,1.0,2.772588722239781,4.0,4.2,0.154,Credit Card,6.47,0,0
100424,36.0,Delhi,17.75,510.86,1.8,3.332204510175204,5.0,4.5,0.129,Cash,8.22,0,0
100425,41.0,Bengaluru,3.13,167.49,2.2,2.995732273553991,4.0,5.0,0.039,Credit Card,7.74,0,0
100426,31.0,Hyderabad,7.62,271.71,1.8,3.828641396489095,2.0,3.5,0.009,Cash,7.58,0,0
100427,40.0,Mumbai,6.5,162.95,1.0,2.5649493574615367,4.0,5.0,0.232,Credit Card,5.63,0,0
100428,30.0,Mumbai,12.18,365.08,1.8,3.8501476017100584,4.0,4.2,0.088,Credit Card,8.3,0,0
100429,54.0,Bengaluru,6.28,154.03,1.0,2.1972245773362196,4.0,4.5,0.079,Credit Card,7.11,1,0
100430,41.0,Bengaluru,9.02,227.16,1.2,1.791759469228055,4.0,4.2,0.184,Cash,5.52,1,0
100431,31.0,Delhi,16.25,422.13,1.5,2.302585092994046,4.0,4.5,0.102,UPI,6.37,0,0
100432,55.0,Delhi,5.9,197.51,1.8,2.302585092994046,3.0,3.5,0.071,UPI,5.52,1,0
100433,19.0,Delhi,27.87,743.635,2.2,1.9459101490553132,1.0,4.2,0.15,cash,2.49,0,0
100434,36.0,Pune,9.1,207.71,1.0,2.8903717578961645,4.0,5.0,0.014,upi,7.72,0,0
100435,57.0,Bengaluru,5.23,126.69,1.0,2.833213344056216,5.0,4.0,0.115,Cash,8.41,0,0
100436,53.0,Mumbai,2.7,79.87,1.0,3.713572066704308,5.0,4.8,0.098,Credit Card,9.24,0,0
100437,48.0,Bengaluru,15.45,385.98,1.5,2.5649493574615367,3.0,4.2,0.215,Cash,4.12,1,0
100438,38.0,Mumbai,22.3,375.2,1.0,2.639057329615259,4.0,4.5,0.008,Cash,7.63,0,0
100439,50.0,Bengaluru,8.05,179.42,1.0,4.02535169073515,3.0,4.8,0.037,UPI,8.42,0,0
100440,47.0,Delhi,11.87,197.97,1.0,1.791759469228055,5.0,4.0,0.084,Credit Card,5.94,0,0
100441,51.0,Hyderabad,30.06,705.69,1.5,3.8066624897703196,4.0,4.0,0.241,upi,7.82,0,0
100442,26.0,Delhi,3.09,73.18,1.0,2.5649493574615367,4.0,4.5,0.14,Credit Card,6.01,0,1
100443,52.0,Mumbai,2.69,100.5,1.0,2.0794415416798357,2.0,3.5,0.115,Cash,4.45,0,0
100444,27.0,Mumbai,8.92,168.16,1.0,3.6375861597263857,5.0,4.8,0.136,cash,9.11,0,0
100445,23.0,Mumbai,18.97,534.15,1.8,2.639057329615259,3.0,4.0,0.136,credit_card,5.46,1,0
100446,38.0,Delhi,22.72,387.33,1.0,2.70805020110221,5.0,4.8,0.146,Credit Card,7.08,0,0
100447,37.0,Delhi,4.01,145.27,1.5,3.970291913552122,3.0,4.0,0.048,credit_card,8.48,0,0
100448,54.0,Mumbai,5.82,127.68,1.0,3.970291913552122,4.0,4.8,0.168,Cash,7.37,1,1
100449,35.0,Bengaluru,9.74,187.37,1.0,3.367295829986474,4.0,3.5,0.177,Credit Card,7.31,1,0
100450,42.0,Delhi,31.14,535.41,1.0,3.2188758248682006,5.0,4.5,0.409,Credit Card,7.12,1,0
100451,26.0,Mumbai,16.91,325.52,1.0,3.258096538021482,4.0,5.0,0.345,credit_card,6.62,0,0
100452,23.0,Mumbai,5.4,200.59,1.8,3.6888794541139363,1.0,4.8,0.186,Credit Card,6.12,0,0
100454,45.0,Delhi,14.89,282.84,1.0,1.791759469228055,3.0,4.0,0.207,Cash,4.15,0,0
100455,69.0,Delhi,31.28,520.99,1.0,3.332204510175204,5.0,3.8,0.305,Cash,8.15,1,0
100456,25.0,Delhi,4.01,109.46,1.0,4.0943445622221,3.0,4.2,0.091,Cash,7.82,0,0
100457,60.0,Mumbai,5.58,217.17,1.8,2.639057329615259,4.0,4.5,0.018,Cash,7.2,0,0
100458,44.333333333333336,Hyderabad,2.15,77.62,1.5,3.8918202981106265,5.0,4.0,0.171,UPI,8.89,0,0
100459,55.0,Bengaluru,20.92,742.19,2.2,3.6375861597263857,3.0,4.0,0.009,credit_card,8.29,0,0
100460,20.0,Mumbai,3.71,118.41,1.2,2.70805020110221,4.0,4.5,0.072,UPI,5.97,0,0
100461,41.0,Pune,12.97,379.69,1.5,2.3978952727983707,4.0,4.0,0.078,Credit Card,7.2,0,0
100462,40.0,Mumbai,15.68,277.46,1.0,2.70805020110221,4.0,4.5,0.003,UPI,7.48,0,0
100463,33.0,Hyderabad,6.52,159.54,1.0,2.0794415416798357,5.0,5.0,0.404,UPI,5.07,0,0
100464,35.0,Mumbai,6.87,155.94,1.0,3.1354942159291497,5.0,3.8,0.155,UPI,8.08,0,0
100465,38.0,Mumbai,13.73,254.46,1.0,2.8903717578961645,4.0,4.2,0.072,Cash,7.01,0,0
100466,40.0,Mumbai,11.92,231.56,1.0,1.9459101490553132,5.0,5.0,0.17,Cash,6.55,1,0
100467,19.0,Mumbai,8.08,294.82,1.8,3.091042453358316,4.0,4.5,0.256,UPI,7.23,0,0
100468,23.0,Bengaluru,2.03,84.15,1.0,3.5553480614894135,3.0,4.8,0.079,Credit Card,6.23,0,0
100469,27.0,Hyderabad,16.82,488.49,1.8,2.772588722239781,4.0,4.2,0.22,cash,6.58,1,0
100470,19.0,Pune,2.43,73.49,1.0,1.9459101490553132,4.0,3.5,0.281,cash,5.16,0,0
100471,21.0,Bengaluru,10.14,298.27,1.5,3.713572066704308,3.0,4.0,0.178,credit_card,6.46,0,0
100472,47.0,Bengaluru,21.85,743.635,3.2,3.1780538303479458,4.0,5.0,0.046,cash,7.0,0,1
100473,42.0,Mumbai,3.86,247.84,3.2,2.833213344056216,3.0,4.2,0.146,credit_card,5.39,0,0
100474,27.0,Bengaluru,14.49,253.5,1.0,3.713572066704308,5.0,3.5,0.119,Credit Card,8.04,0,0
100475,49.0,Hyderabad,3.28,93.42,1.0,3.4657359027997265,5.0,4.0,0.2,cash,7.71,0,0
100476,38.0,Mumbai,22.52,431.45,1.2,3.332204510175204,5.0,4.5,0.108,credit_card,8.58,0,0
100477,27.0,Hyderabad,4.61,195.58,1.8,4.248495242049359,4.0,5.0,0.246,Cash,8.61,1,0
100478,46.0,Delhi,5.78,272.58,2.8,3.044522437723423,4.0,4.2,0.262,Cash,7.74,0,0
100479,54.0,Bengaluru,17.97,329.07,1.0,1.3862943611198906,4.0,4.5,0.061,UPI,4.75,0,0
100482,42.0,Mumbai,22.43,557.84,1.5,3.044522437723423,5.0,4.8,0.244,Credit Card,7.03,0,0
100483,42.0,Delhi,11.29,415.95,2.2,3.8501476017100584,3.0,4.2,0.041,Cash,7.7,0,0
100484,23.0,Bengaluru,16.2,286.61,1.0,3.4339872044851463,4.0,4.5,0.105,Credit Card,7.96,0,0
100485,22.0,Hyderabad,11.6,599.85,3.2,2.8903717578961645,3.0,4.2,0.104,Cash,4.89,1,0
100486,40.666666666666664,Mumbai,3.34,113.71,1.0,2.9444389791664403,5.0,4.2,0.172,credit_card,6.38,0,0
100487,42.0,Pune,5.03,185.4,1.5,2.995732273553991,3.0,5.0,0.171,Credit Card,6.25,1,0
100488,37.0,Pune,6.84,120.87,1.0,3.6635616461296463,5.0,3.5,0.074,UPI,8.93,0,0
100489,36.0,Delhi,8.87,181.19,1.0,3.9318256327243257,4.0,4.0,0.129,cash,9.36,0,0
100490,54.0,Bengaluru,17.8,360.99,1.2,1.9459101490553132,2.0,4.5,0.053,Cash,4.34,0,0
100491,56.0,Pune,4.5,158.54,1.5,2.1972245773362196,2.0,3.8,0.037,Cash,4.48,0,0
100492,19.0,Delhi,2.81,99.76,1.0,2.70805020110221,5.0,4.5,0.085,UPI,7.81,0,0
100493,115.0,Delhi,4.24,168.71,1.8,1.9459101490553132,4.0,4.0,0.002,UPI,5.35,0,0
100494,33.333333333333336,Delhi,5.85,174.61,1.2,4.219507705176107,5.0,4.5,0.072,Cash,9.85,0,0
100495,110.0,Mumbai,14.56,258.18,1.0,3.6888794541139363,4.0,4.2,0.276,Credit Card,7.61,0,0
100496,45.0,Mumbai,5.88,152.65,1.2,3.784189633918261,4.0,3.5,0.242,Credit Card,7.34,0,0
100497,35.0,Mumbai,27.6,743.635,1.8,2.995732273553991,4.0,3.5,0.023,Credit Card,7.43,0,0
100498,19.0,Delhi,20.95,349.68,1.0,3.5263605246161616,4.0,4.8,0.188,Cash,8.0,0,0
100499,61.0,Delhi,4.1,169.22,1.5,1.6094379124341003,4.0,4.5,0.298,Credit Card,3.98,0,0
100500,30.0,Delhi,12.26,341.59,1.5,4.219507705176107,4.0,4.8,0.09,Cash,9.71,0,0
100501,42.0,Delhi,12.39,314.96,1.5,1.3862943611198906,5.0,4.2,0.159,upi,5.39,0,0
100502,38.0,Mumbai,19.73,490.47,1.5,3.258096538021482,4.0,4.2,0.38,cash,5.81,1,0
100503,34.0,Pune,2.62,140.9,2.2,2.833213344056216,4.0,4.0,0.344,cash,6.56,1,0
100504,51.0,Delhi,10.59,209.68,1.0,2.833213344056216,5.0,4.2,0.008,UPI,8.14,0,0
100505,53.0,Hyderabad,16.15,431.35,1.5,3.4339872044851463,5.0,4.0,0.105,credit_card,8.12,0,0
100506,22.0,Mumbai,18.27,323.29,1.0,2.9444389791664403,5.0,4.8,0.229,Credit Card,7.14,0,0
100507,19.0,Mumbai,11.08,202.13,1.0,3.8066624897703196,4.0,5.0,0.257,UPI,6.64,0,0
100508,30.0,Delhi,8.27,332.03,2.2,2.4849066497880004,4.0,4.5,0.083,UPI,7.38,0,0
100509,42.0,Pune,10.34,182.04,1.0,2.302585092994046,5.0,4.2,0.214,cash,6.5,0,0
100510,41.0,Bengaluru,15.63,291.59,1.2,2.3978952727983707,4.0,4.2,0.241,Cash,5.7,0,0
100511,42.0,Delhi,4.33,148.29,1.5,2.3978952727983707,4.0,4.0,0.121,UPI,6.99,0,0
100512,52.0,Hyderabad,9.53,438.87,2.8,2.639057329615259,4.0,4.5,0.119,Cash,6.52,0,0
100513,50.0,Hyderabad,25.01,434.37,1.0,2.0794415416798357,4.0,4.8,0.223,credit_card,6.17,0,0
100514,33.0,Bengaluru,12.29,226.3,1.0,3.8712010109078907,1.0,4.0,0.254,Credit Card,5.62,1,0
100515,21.0,Mumbai,33.32,234.5,1.5,3.332204510175204,4.0,4.2,0.091,Cash,7.77,1,0
100516,29.0,Delhi,15.89,317.54,1.2,3.091042453358316,3.0,4.8,0.174,Cash,6.89,0,0
100517,52.0,Hyderabad,2.97,196.06,3.2,2.4849066497880004,4.0,4.5,0.12,Credit Card,6.62,0,1
100518,29.0,Mumbai,4.06,118.63,1.0,4.04305126783455,5.0,4.5,0.18,Cash,9.45,0,0
100519,52.0,Pune,7.13,229.11,1.8,2.833213344056216,5.0,4.2,0.055,upi,8.82,0,0
100520,46.0,Delhi,13.25,234.31,1.0,2.0794415416798357,1.0,4.0,0.104,Cash,3.91,1,0
100521,64.0,Delhi,4.73,128.28,1.0,2.0794415416798357,4.0,3.8,0.237,Cash,4.49,0,0
100522,38.0,Pune,4.34,137.24,1.2,3.58351893845611,4.0,4.5,0.182,UPI,7.57,0,0
100523,19.0,Bengaluru,10.45,189.78,1.0,4.007333185232471,4.0,4.5,0.149,Credit Card,8.7,0,0
100524,62.0,Hyderabad,9.04,204.19,1.0,2.302585092994046,5.0,5.0,0.14,Cash,6.81,0,0
100525,38.0,Mumbai,2.41,89.94,1.0,3.4011973816621555,4.0,3.8,0.364,Credit Card,6.67,0,0
100526,37.0,Mumbai,17.95,370.4,1.2,4.07753744390572,4.0,4.5,0.466,Credit Card,6.69,1,0
100527,55.0,Mumbai,5.18,173.53,1.5,3.258096538021482,5.0,4.2,0.142,Cash,8.43,0,0
100528,34.0,Pune,5.55,118.56,1.0,3.7612001156935624,4.0,4.8,0.394,UPI,8.07,0,0
100529,25.0,Mumbai,3.63,161.37,1.8,2.0794415416798357,5.0,4.0,0.182,Cash,6.69,0,0
100530,34.0,Pune,15.93,314.21,1.0,3.295836866004329,1.0,4.0,0.015,upi,5.79,1,0
100531,45.0,Delhi,11.88,208.16,1.0,3.367295829986474,5.0,4.5,0.027,Credit Card,8.54,0,0
100532,33.0,Pune,7.58,147.99,1.0,2.9444389791664403,5.0,3.8,0.204,Cash,8.21,0,0
100533,60.0,Mumbai,16.22,294.5,1.0,1.791759469228055,4.0,4.0,0.011,credit_card,5.99,0,0
100534,26.0,Mumbai,13.52,326.36,1.5,3.6888794541139363,3.0,5.0,0.234,Cash,7.27,0,0
100535,29.0,Delhi,36.66,595.49,1.0,3.2188758248682006,5.0,4.0,0.112,Credit Card,8.48,0,0
100536,21.0,Pune,9.27,346.36,2.2,2.302585092994046,3.0,4.5,0.038,Cash,5.3,0,0
100537,61.0,Delhi,9.2,199.42,1.0,3.4965075614664802,5.0,4.0,0.058,Cash,8.91,0,0
100538,59.0,Delhi,26.74,483.37,1.0,2.995732273553991,5.0,4.5,0.095,Cash,6.98,0,0
100539,34.0,Hyderabad,9.42,216.93,1.0,1.9459101490553132,5.0,5.0,0.104,upi,6.65,0,0
100540,27.0,Mumbai,9.04,203.55,1.2,1.791759469228055,5.0,4.2,0.155,UPI,5.64,0,0
100541,19.0,Pune,2.84,79.8,1.2,3.713572066704308,3.0,4.0,0.248,upi,7.38,0,0
100542,55.0,Mumbai,6.88,195.62,1.2,4.248495242049359,2.0,3.8,0.37,Cash,6.88,1,0
100543,46.0,Hyderabad,4.06,108.25,1.0,2.1972245773362196,4.0,4.0,0.139,cash,5.55,0,0
100544,46.0,Mumbai,60.06,743.635,1.0,2.3978952727983707,4.0,4.2,0.187,upi,4.76,1,1
100545,33.0,Mumbai,20.53,493.29,1.5,2.70805020110221,5.0,4.8,0.107,Credit Card,8.13,0,0
100546,53.0,Delhi,11.4,207.54,1.0,3.367295829986474,2.0,4.8,0.018,UPI,6.63,0,0
100547,38.0,Delhi,78.03,743.635,1.8,3.4657359027997265,4.0,4.2,0.103,UPI,7.28,1,1
100548,24.0,Mumbai,5.04,145.53,1.2,4.990432586778736,5.0,4.0,0.208,cash,10.0,0,0
100549,27.0,Hyderabad,9.21,308.15,1.8,3.258096538021482,5.0,4.5,0.151,Credit Card,8.58,0,0
100550,41.0,Delhi,6.9,161.41,1.0,3.5263605246161616,4.0,4.2,0.225,Cash,7.79,0,0
100551,21.0,Mumbai,12.17,287.2,1.2,1.791759469228055,1.0,4.5,0.12,Cash,3.01,0,0
100552,44.0,Mumbai,4.0,148.92,1.5,1.3862943611198906,5.0,4.5,0.041,Cash,5.68,0,0
100553,26.0,Delhi,6.21,181.6,1.5,2.302585092994046,3.0,5.0,0.071,Credit Card,5.4,0,0
100554,32.0,Pune,5.04,225.01,2.2,1.3862943611198906,1.0,5.0,0.118,Cash,1.35,1,0
100555,31.0,Delhi,3.5,158.16,1.8,3.4657359027997265,5.0,4.5,0.033,credit_card,9.08,0,0
100556,34.0,Delhi,9.59,170.39,1.0,3.9889840465642745,4.0,4.8,0.105,upi,9.07,0,1
100557,44.0,Bengaluru,14.42,278.27,1.0,3.091042453358316,4.0,4.0,0.088,Cash,5.4,1,1
100558,22.0,Delhi,3.85,112.18,1.0,2.1972245773362196,3.0,5.0,0.024,Credit Card,5.27,0,0
100559,30.0,Bengaluru,12.89,274.69,1.2,2.1972245773362196,5.0,4.0,0.047,Credit Card,6.75,0,0
100560,21.0,Delhi,40.15,743.635,1.5,3.6635616461296463,5.0,3.8,0.155,Cash,8.45,0,0
100561,32.0,Mumbai,8.82,248.67,1.5,3.8918202981106265,4.0,4.5,0.04,Credit Card,8.74,0,0
100562,26.0,Mumbai,12.33,240.7,1.0,3.7612001156935624,4.0,4.2,0.044,Cash,9.06,0,0
100563,40.0,Pune,4.5,182.12,1.8,1.9459101490553132,3.0,5.0,0.212,Cash,4.73,0,0
100564,43.0,Pune,5.14,133.16,1.2,2.4849066497880004,5.0,3.8,0.168,Cash,7.0,0,0
100565,61.0,Bengaluru,24.83,743.635,2.8,2.3978952727983707,5.0,5.0,0.073,Credit Card,7.25,0,0
100566,32.0,Bengaluru,9.73,205.6,1.0,3.9889840465642745,2.0,3.8,0.167,credit_card,6.77,0,0
100567,54.0,Mumbai,3.81,107.66,1.0,3.4339872044851463,5.0,4.0,0.082,UPI,8.41,0,0
100568,31.0,Pune,7.91,172.55,1.0,1.9459101490553132,4.0,4.2,0.144,upi,5.24,0,0
100569,30.0,Hyderabad,2.94,234.5,1.0,4.127134385045092,1.0,4.5,0.139,Credit Card,5.93,0,0
100570,45.0,Mumbai,8.25,189.18,1.0,2.3978952727983707,3.0,4.2,0.117,Credit Card,5.67,0,0
100571,50.0,Bengaluru,51.27,743.635,1.8,2.4849066497880004,5.0,5.0,0.107,Cash,7.45,1,0
100572,51.0,Mumbai,9.55,292.48,1.8,2.995732273553991,4.0,4.5,0.062,Cash,7.46,0,0
100573,44.0,Pune,4.88,133.47,1.0,2.4849066497880004,4.0,5.0,0.198,Cash,3.3,1,1
100574,40.0,Pune,12.2,289.52,1.2,1.9459101490553132,3.0,4.5,0.3,Credit Card,2.81,0,0
100575,59.0,Delhi,13.87,242.19,1.0,4.04305126783455,4.0,4.8,0.076,Credit Card,8.91,0,0
100576,32.0,Bengaluru,2.12,100.13,1.8,3.4011973816621555,5.0,4.8,0.162,Cash,7.75,0,0
100577,28.0,Delhi,40.46,743.635,1.2,2.4849066497880004,5.0,4.5,0.084,UPI,7.5,0,0
100578,30.0,Hyderabad,34.82,692.28,1.2,4.23410650459726,4.0,4.5,0.226,Credit Card,8.3,0,0
100579,22.0,Hyderabad,3.33,66.58,1.0,3.091042453358316,5.0,5.0,0.103,upi,8.66,0,0
100580,30.0,Bengaluru,8.7,334.54,2.2,2.302585092994046,5.0,4.5,0.355,UPI,5.63,1,0
100581,57.0,Mumbai,3.56,97.18,1.0,1.9459101490553132,4.0,5.0,0.123,upi,4.64,1,0
100582,19.0,Hyderabad,2.71,121.86,2.2,2.3978952727983707,3.0,3.5,0.275,upi,4.84,0,0
100583,59.0,Mumbai,6.62,159.22,1.0,2.302585092994046,5.0,5.0,0.113,credit_card,7.47,0,0
100584,19.0,Bengaluru,9.59,304.7,1.8,3.295836866004329,4.0,4.2,0.285,credit_card,6.19,0,0
100585,51.0,Mumbai,6.41,104.04,1.0,2.302585092994046,5.0,4.0,0.08,Credit Card,6.69,0,0
100586,19.0,Mumbai,4.86,185.04,1.8,2.0794415416798357,3.0,4.5,0.255,credit_card,4.41,1,0
100587,59.0,Hyderabad,5.63,163.86,1.2,3.367295829986474,2.0,3.8,0.279,credit_card,4.86,1,0
100588,30.0,Bengaluru,10.51,327.87,1.8,2.1972245773362196,5.0,4.5,0.481,Cash,5.62,0,0
100589,40.0,Bengaluru,39.18,628.73,1.0,2.1972245773362196,4.0,3.5,0.227,Credit Card,4.67,0,0
100590,37.0,Bengaluru,4.14,100.69,1.0,3.4657359027997265,5.0,4.2,0.21,credit_card,7.25,0,0
100591,34.0,Hyderabad,4.48,152.22,1.5,2.1972245773362196,4.0,3.5,0.092,Credit Card,3.01,1,1
100593,51.0,Bengaluru,10.7,234.5,2.8,3.6375861597263857,2.0,4.2,0.112,Credit Card,6.72,1,0
100594,37.0,Mumbai,10.68,209.7,1.0,4.248495242049359,5.0,4.0,0.186,Cash,9.85,0,0
100595,44.0,Delhi,27.22,743.635,1.8,2.3978952727983707,5.0,4.5,0.055,Credit Card,6.63,0,0
100596,49.0,Hyderabad,10.52,270.47,1.5,3.4011973816621555,5.0,4.2,0.113,cash,8.52,0,0
100597,34.0,Delhi,44.01,701.73,1.0,2.5649493574615367,4.0,4.2,0.121,cash,6.09,0,0
100598,48.0,Delhi,26.27,402.03,1.0,2.70805020110221,4.0,3.8,0.088,Credit Card,5.61,0,0
100599,51.0,Bengaluru,2.5,93.03,1.0,1.791759469228055,5.0,4.5,0.255,UPI,6.79,0,0
100600,31.0,Mumbai,4.64,129.83,1.0,3.8066624897703196,4.0,3.5,0.09,Credit Card,8.4,0,1
100601,24.0,Mumbai,16.82,495.08,1.8,2.9444389791664403,4.0,3.8,0.108,Cash,7.15,0,0
100602,42.0,Mumbai,5.54,177.79,1.2,2.1972245773362196,4.0,4.2,0.22,credit_card,4.95,0,0
100603,27.0,Mumbai,15.33,396.33,1.5,2.639057329615259,4.0,4.0,0.105,UPI,6.56,0,0
100604,43.0,Delhi,37.97,739.37,1.2,4.867534450455582,3.0,4.2,0.382,credit_card,7.69,0,0
100605,35.0,Bengaluru,18.89,318.06,1.0,3.4339872044851463,5.0,4.5,0.04,credit_card,9.33,0,0
100606,50.0,Bengaluru,14.59,366.96,1.5,2.4849066497880004,4.0,4.8,0.442,Cash,4.27,1,0
100607,49.0,Delhi,11.52,219.65,1.0,3.6888794541139363,5.0,4.0,0.347,Cash,7.11,0,0
100608,63.0,Mumbai,5.46,173.79,1.2,2.302585092994046,5.0,4.8,0.01,Cash,7.05,0,0
100609,53.0,Mumbai,2.71,234.5,1.0,3.5263605246161616,4.0,4.0,0.363,upi,6.58,1,0
100610,44.0,Mumbai,37.2,713.02,1.2,3.58351893845611,4.0,4.5,0.054,Credit Card,8.78,0,0
100611,31.0,Bengaluru,10.73,568.33,3.2,2.995732273553991,5.0,5.0,0.14,Credit Card,7.82,0,0
100612,26.0,Hyderabad,8.14,455.01,3.2,2.70805020110221,4.0,4.0,0.113,Credit Card,7.45,0,0
100613,44.0,Mumbai,3.07,95.81,1.0,4.430816798843313,4.0,4.2,0.128,Credit Card,8.21,0,0
100614,54.0,Bengaluru,17.0,234.5,1.8,1.9459101490553132,5.0,4.2,0.205,Credit Card,5.67,0,0
100615,49.0,Delhi,17.28,361.44,1.2,4.07753744390572,5.0,3.5,0.093,UPI,9.76,0,0
100616,36.0,Pune,5.54,125.68,1.0,1.791759469228055,4.0,4.0,0.236,Cash,4.77,0,0
100617,31.0,Mumbai,2.22,82.6,1.0,2.8903717578961645,2.0,5.0,0.04,cash,6.21,0,0
100618,52.0,Delhi,2.49,103.51,1.2,2.772588722239781,5.0,4.2,0.147,Credit Card,7.41,0,0
100619,41.0,Pune,3.04,151.21,2.2,3.8501476017100584,3.0,4.8,0.16,Credit Card,6.57,0,0
100620,19.0,Bengaluru,15.61,717.31,2.8,1.9459101490553132,3.0,4.2,0.022,UPI,5.1,1,0
100621,57.0,Hyderabad,3.17,104.98,1.0,2.639057329615259,1.0,4.2,0.115,Credit Card,4.03,1,0
100622,19.0,Bengaluru,2.01,76.39,1.0,1.791759469228055,5.0,4.5,0.056,cash,6.91,0,0
100623,29.0,Mumbai,48.79,743.635,1.2,2.4849066497880004,1.0,5.0,0.208,Cash,2.61,1,0
100624,33.0,Bengaluru,17.4,327.59,1.0,2.8903717578961645,4.0,4.0,0.148,Cash,6.85,1,0
100625,35.333333333333336,Bengaluru,3.29,147.84,1.5,3.044522437723423,4.0,4.5,0.113,UPI,7.19,0,0
100626,32.0,Mumbai,3.7,92.02,1.0,4.02535169073515,4.0,4.0,0.074,UPI,9.43,0,0
100627,30.0,Mumbai,5.45,130.75,1.0,2.0794415416798357,4.0,5.0,0.359,Credit Card,4.54,1,0
100628,38.0,Hyderabad,17.17,617.82,2.2,2.772588722239781,4.0,4.8,0.317,cash,5.56,1,0
100629,52.0,Bengaluru,6.14,114.57,1.0,4.189654742026425,4.0,4.0,0.259,cash,8.09,0,0
100630,34.0,Mumbai,3.56,145.95,1.8,1.9459101490553132,5.0,4.2,0.014,credit_card,6.59,0,0
100631,63.0,Delhi,7.04,176.54,1.2,2.0794415416798357,5.0,5.0,0.178,Credit Card,5.32,0,0
100632,41.0,Mumbai,7.12,365.38,2.8,2.3978952727983707,2.0,4.5,0.35,cash,1.92,1,0
100633,32.0,Mumbai,9.41,513.19,3.2,3.295836866004329,3.0,4.8,0.05,Credit Card,7.16,0,0
100634,33.0,Hyderabad,24.45,743.635,3.2,2.639057329615259,5.0,4.5,0.235,Cash,6.74,1,0
100635,30.0,Mumbai,20.88,429.84,1.2,3.713572066704308,5.0,4.0,0.284,Credit Card,8.31,0,0
100636,46.0,Bengaluru,3.75,136.48,1.2,3.091042453358316,4.0,4.2,0.2,credit_card,7.22,0,0
100637,35.0,Bengaluru,2.07,85.21,1.8,1.9459101490553132,4.0,4.8,0.136,Cash,5.92,0,0
100638,36.0,Bengaluru,3.56,107.98,1.0,2.8903717578961645,3.0,4.0,0.06,Cash,6.56,0,0
100639,30.0,Hyderabad,7.38,209.8,1.5,2.1972245773362196,5.0,4.5,0.018,Credit Card,7.03,0,0
100640,60.0,Mumbai,8.79,186.46,1.2,2.0794415416798357,5.0,4.8,0.114,Cash,7.45,0,0
100641,19.0,Delhi,21.3,632.73,1.8,3.58351893845611,3.0,4.0,0.119,Credit Card,6.92,0,0
100642,34.0,Mumbai,11.12,244.26,1.2,3.4965075614664802,5.0,4.8,0.293,Credit Card,6.66,0,0
100643,43.0,Delhi,11.55,221.82,1.0,3.044522437723423,1.0,4.5,0.018,Credit Card,4.91,0,0
100644,42.0,Pune,7.37,144.11,1.0,2.995732273553991,5.0,4.0,0.252,Credit Card,7.15,0,0
100645,38.0,Mumbai,3.65,85.12,1.0,3.6375861597263857,4.0,4.0,0.226,Credit Card,7.18,0,1
100646,47.0,Mumbai,10.47,428.59,2.2,3.1780538303479458,5.0,5.0,0.166,UPI,7.75,0,0
100647,41.0,Pune,6.42,197.15,1.5,4.290459441148391,5.0,4.5,0.23,Credit Card,10.0,1,0
100648,36.0,Mumbai,5.29,212.98,2.2,2.302585092994046,2.0,4.5,0.225,Credit Card,4.42,0,0
100649,26.0,Bengaluru,13.91,337.96,1.5,3.1780538303479458,4.0,4.8,0.406,UPI,5.0,0,0
100650,42.0,Mumbai,2.78,84.21,1.0,3.1354942159291497,5.0,4.2,0.25,credit_card,7.88,0,0
100651,25.0,Delhi,29.09,481.1,1.0,2.1972245773362196,4.0,3.8,0.047,credit_card,5.99,0,0
100652,19.0,Mumbai,2.9,73.29,1.0,3.258096538021482,5.0,4.2,0.463,Cash,7.18,0,0
100653,50.0,Bengaluru,5.05,126.18,1.0,2.639057329615259,5.0,4.5,0.24,UPI,6.7,0,0
100654,35.0,Bengaluru,12.28,447.37,2.2,2.833213344056216,4.0,4.2,0.224,Cash,7.33,0,0
100655,32.0,Mumbai,13.16,296.29,1.2,3.1354942159291497,3.0,4.2,0.075,UPI,6.63,0,0
100656,29.0,Mumbai,17.62,311.23,1.0,2.772588722239781,4.0,3.8,0.174,credit_card,7.59,0,0
100657,36.0,Bengaluru,12.57,243.13,1.0,2.8903717578961645,5.0,4.0,0.073,upi,8.67,0,0
100658,34.0,Hyderabad,10.99,234.5,1.0,1.791759469228055,4.0,5.0,0.127,Credit Card,4.54,1,1
100659,36.0,Hyderabad,4.34,115.16,1.0,3.295836866004329,4.0,5.0,0.126,credit_card,7.51,1,0
100660,41.0,Pune,3.12,120.29,1.5,2.1972245773362196,1.0,4.0,0.074,UPI,2.88,1,0
100661,36.0,Delhi,4.24,139.99,1.0,2.833213344056216,4.0,4.0,0.087,Cash,6.25,0,0
100662,44.0,Bengaluru,9.85,327.14,1.8,2.1972245773362196,3.0,3.5,0.136,Credit Card,5.43,1,0
100663,68.0,Bengaluru,12.57,358.7,1.5,1.791759469228055,5.0,4.2,0.332,Credit Card,5.83,0,0
100664,50.0,Mumbai,27.56,656.04,1.5,3.6375861597263857,4.0,4.5,0.077,credit_card,8.67,0,0
100665,44.666666666666664,Bengaluru,9.44,173.47,1.0,5.484796933490655,2.0,4.0,0.425,credit_card,7.47,1,0
100666,39.0,Bengaluru,14.88,278.71,1.0,2.772588722239781,4.0,5.0,0.232,Credit Card,6.52,1,0
100667,43.0,Mumbai,14.67,270.15,1.0,3.713572066704308,5.0,4.0,0.045,cash,9.08,0,0
100668,48.0,Hyderabad,6.64,155.99,1.2,3.2188758248682006,4.0,4.5,0.299,cash,4.64,1,1
100669,44.0,Delhi,6.3,234.5,1.0,2.833213344056216,5.0,4.5,0.261,Credit Card,7.35,0,0
100670,52.0,Mumbai,13.01,489.7,2.2,4.07753744390572,5.0,4.8,0.233,Credit Card,9.07,0,0
100671,51.0,Bengaluru,17.43,318.15,1.0,2.8903717578961645,5.0,5.0,0.122,cash,7.75,0,0
100672,36.0,Delhi,4.88,100.97,1.0,3.6635616461296463,5.0,4.2,0.036,Cash,9.66,1,0
100673,32.0,Bengaluru,7.11,179.61,1.0,4.382026634673881,5.0,4.2,0.217,UPI,9.26,0,0
100674,44.0,Bengaluru,48.02,743.635,1.2,2.3978952727983707,3.0,4.0,0.286,Cash,4.12,1,0
100675,58.0,Mumbai,6.32,228.14,1.8,4.02535169073515,5.0,4.8,0.283,upi,8.56,0,0
100676,25.0,Mumbai,2.52,122.04,2.2,1.9459101490553132,4.0,4.2,0.135,UPI,5.75,0,0
100677,44.0,Delhi,15.09,245.55,1.0,1.9459101490553132,1.0,4.8,0.136,credit_card,3.38,0,0
100678,37.0,Bengaluru,9.91,220.41,1.0,2.772588722239781,4.0,3.5,0.111,UPI,6.45,0,0
100679,36.0,Delhi,2.06,121.87,1.5,3.295836866004329,2.0,5.0,0.464,UPI,4.14,1,0
100680,35.0,Mumbai,6.5,187.51,1.5,3.091042453358316,3.0,4.5,0.036,Credit Card,6.21,0,0
100681,57.0,Mumbai,6.19,268.43,2.2,2.302585092994046,2.0,4.2,0.306,UPI,2.89,1,0
100682,51.0,Mumbai,6.13,195.97,1.5,3.4011973816621555,5.0,3.5,0.135,Cash,8.13,0,0
100683,40.0,Hyderabad,12.33,249.52,1.0,2.3978952727983707,4.0,3.5,0.102,credit_card,6.46,0,0
100684,32.0,Delhi,2.32,97.37,1.2,2.302585092994046,4.0,4.8,0.014,cash,6.57,0,0
100685,49.0,Bengaluru,39.72,649.93,1.0,2.9444389791664403,5.0,4.5,0.119,Cash,7.18,0,0
100686,42.0,Hyderabad,5.85,179.13,1.5,3.6109179126442243,1.0,4.0,0.293,upi,4.22,1,0
100687,33.0,Pune,3.8,100.57,1.0,3.1354942159291497,4.0,4.8,0.053,Credit Card,7.79,0,0
100688,33.0,Mumbai,7.83,145.99,1.0,3.58351893845611,5.0,4.5,0.143,Cash,7.95,0,0
100689,41.0,Delhi,3.77,73.57,1.0,3.258096538021482,5.0,4.2,0.157,UPI,8.38,0,0
100690,19.0,Pune,5.05,146.36,1.0,1.6094379124341003,4.0,4.5,0.103,cash,3.41,0,1
100691,36.0,Mumbai,13.09,360.33,1.5,2.639057329615259,4.0,4.5,0.06,Credit Card,7.0,0,0
100692,35.0,Delhi,18.5,346.36,1.0,2.1972245773362196,4.0,4.0,0.118,upi,6.38,0,0
100693,31.0,Bengaluru,6.7,138.24,1.0,2.3978952727983707,4.0,3.8,0.019,Credit Card,5.86,0,0
100694,46.0,Mumbai,3.21,80.29,1.0,3.258096538021482,5.0,4.2,0.11,Credit Card,8.17,0,0
100695,29.0,Hyderabad,13.04,246.01,1.0,2.5649493574615367,5.0,3.8,0.029,upi,7.33,0,0
100696,41.0,Mumbai,54.22,743.635,1.2,3.332204510175204,5.0,4.2,0.128,UPI,8.39,0,0
100697,33.0,Mumbai,2.26,98.78,2.2,1.9459101490553132,4.0,4.2,0.03,credit_card,6.21,0,0
100698,33.0,Delhi,34.24,635.81,1.2,2.302585092994046,4.0,4.5,0.078,credit_card,5.6,0,0
100699,34.666666666666664,Delhi,57.02,743.635,1.0,2.8903717578961645,4.0,4.8,0.034,Cash,7.29,0,0
100700,72.0,Hyderabad,3.09,111.06,1.5,2.639057329615259,4.0,4.0,0.2,Cash,6.4,0,0
100701,39.0,Mumbai,14.65,284.91,1.0,3.044522437723423,5.0,4.8,0.14,upi,7.75,0,0
100702,28.0,Delhi,17.86,300.37,1.0,3.9512437185814275,3.0,4.5,0.032,cash,7.23,0,0
100703,19.0,Delhi,19.16,424.13,1.2,2.4849066497880004,4.0,4.0,0.238,upi,6.93,1,0
100704,20.0,Mumbai,6.78,171.25,1.0,1.791759469228055,4.0,4.2,0.498,cash,3.99,1,0
100705,26.0,Mumbai,11.58,231.73,1.0,2.4849066497880004,4.0,4.2,0.207,credit_card,5.92,0,0
100706,32.0,Hyderabad,8.49,177.82,1.0,3.6109179126442243,5.0,3.8,0.087,credit_card,9.04,1,0
100707,36.0,Mumbai,6.0,250.09,2.2,4.564348191467836,5.0,4.0,0.008,UPI,10.0,0,0
100708,51.0,Pune,7.51,216.33,1.5,2.5649493574615367,4.0,4.5,0.284,cash,6.12,0,0
100709,32.0,Mumbai,32.52,540.05,1.0,3.6635616461296463,5.0,3.8,0.081,Credit Card,8.03,0,0
100710,43.0,Delhi,17.64,312.36,1.0,3.091042453358316,3.0,4.5,0.295,UPI,5.14,1,0
100711,38.0,Delhi,29.53,579.6,1.2,3.2188758248682006,4.0,4.0,0.288,Credit Card,7.42,1,0
100712,45.0,Hyderabad,11.56,218.41,1.0,2.70805020110221,4.0,4.5,0.151,upi,7.11,0,0
100713,44.0,Hyderabad,17.34,506.68,1.8,2.5649493574615367,2.0,4.2,0.055,cash,4.96,1,0
100714,38.0,Mumbai,3.86,117.93,1.0,3.713572066704308,4.0,4.0,0.046,Credit Card,8.02,0,0
100715,37.0,Mumbai,5.8,152.46,1.2,2.70805020110221,3.0,5.0,0.348,credit_card,4.77,1,0
100716,62.0,Mumbai,8.51,174.93,1.0,2.833213344056216,2.0,5.0,0.16,Credit Card,5.45,1,0
100717,39.0,Bengaluru,33.32,522.43,1.0,2.70805020110221,5.0,4.5,0.133,UPI,7.56,0,0
100718,24.0,Delhi,23.91,394.92,1.0,3.9318256327243257,2.0,4.5,0.048,upi,7.73,0,0
100719,31.0,Mumbai,3.62,133.98,1.0,2.4849066497880004,5.0,4.0,0.325,Cash,5.53,1,0
100720,19.0,Bengaluru,8.24,172.4,1.0,3.295836866004329,5.0,3.8,0.087,Credit Card,9.03,0,0
100721,30.0,Hyderabad,10.13,187.71,1.0,2.9444389791664403,5.0,4.0,0.057,UPI,7.5,0,0
100722,20.0,Hyderabad,8.13,182.11,1.0,2.833213344056216,3.0,4.5,0.156,credit_card,5.73,1,0
100723,50.0,Delhi,9.33,153.21,1.0,4.04305126783455,5.0,4.2,0.221,credit_card,9.24,0,0
100724,65.0,Delhi,66.69,743.635,1.5,3.6635616461296463,5.0,4.8,0.245,Cash,7.89,0,0
100725,41.0,Delhi,2.56,96.31,1.0,2.1972245773362196,4.0,4.2,0.353,Credit Card,4.73,1,1
100726,29.0,Mumbai,5.89,154.25,1.0,3.1780538303479458,5.0,4.8,0.201,Cash,7.43,0,0
100727,29.0,Hyderabad,46.65,743.635,1.0,1.791759469228055,5.0,4.2,0.235,Credit Card,5.85,0,0
100728,23.0,Bengaluru,4.36,124.17,1.0,3.4339872044851463,5.0,4.8,0.277,Credit Card,7.64,0,0
100729,21.0,Bengaluru,8.62,178.97,1.2,2.3978952727983707,5.0,4.8,0.123,Cash,7.24,0,0
100730,0.0,Delhi,2.1,60.0,1.0,2.302585092994046,4.0,5.0,0.167,cash,5.47,1,0
100731,50.0,Delhi,11.08,279.28,1.2,2.833213344056216,5.0,4.2,0.253,Credit Card,7.35,0,0
100732,33.0,Delhi,33.64,527.89,1.0,2.302585092994046,5.0,4.2,0.082,Credit Card,7.37,0,0
100733,19.0,Pune,2.82,126.79,1.2,2.0794415416798357,4.0,4.5,0.1,Credit Card,6.47,0,0
100734,63.0,Mumbai,6.91,205.52,1.5,2.995732273553991,5.0,4.0,0.315,Credit Card,7.06,1,0
100735,19.0,Mumbai,16.45,351.6,1.2,1.791759469228055,4.0,4.2,0.124,Credit Card,5.17,0,0
100736,45.0,Bengaluru,3.41,82.79,1.0,2.639057329615259,4.0,4.5,0.188,cash,6.62,0,0
100737,61.0,Bengaluru,5.14,170.8,1.8,2.4849066497880004,4.0,4.5,0.055,Cash,5.85,1,0
100738,52.0,Mumbai,2.64,70.5,1.0,2.639057329615259,4.0,4.5,0.1,credit_card,6.76,0,0
100739,48.0,Bengaluru,43.18,702.48,1.0,3.7612001156935624,4.0,4.2,0.236,UPI,7.25,0,0
100740,19.0,Mumbai,33.15,743.635,2.8,2.0794415416798357,2.0,3.5,0.2,Credit Card,4.04,1,0
100741,48.0,Mumbai,10.32,182.38,1.0,3.6375861597263857,4.0,4.0,0.077,UPI,6.64,1,1
100742,29.0,Delhi,28.67,561.47,1.2,3.091042453358316,5.0,4.5,0.541,UPI,5.75,1,0
100743,38.0,Pune,4.52,123.14,1.0,2.639057329615259,4.0,4.0,0.103,Cash,6.04,0,0
100744,21.0,Mumbai,2.06,79.27,1.5,2.8903717578961645,3.0,4.8,0.089,Credit Card,6.26,0,0
100745,34.333333333333336,Delhi,19.94,348.4,1.0,4.204692619390966,2.0,4.5,0.283,credit_card,7.06,0,0
100746,26.0,Delhi,36.84,611.98,1.0,3.367295829986474,4.0,4.0,0.102,Cash,8.41,0,0
100747,61.0,Pune,5.56,166.53,1.8,1.9459101490553132,3.0,4.2,0.066,UPI,4.62,0,0
100748,27.0,Bengaluru,4.95,124.25,1.0,4.1588830833596715,4.0,4.5,0.048,Credit Card,9.96,0,0
100749,21.0,Bengaluru,19.4,421.74,1.2,1.791759469228055,3.0,4.2,0.045,Cash,4.96,1,0
100750,19.0,Bengaluru,21.74,636.69,1.8,4.007333185232471,4.0,4.2,0.14,UPI,8.54,0,0
100751,60.0,Hyderabad,19.8,344.02,1.0,2.995732273553991,3.0,4.5,0.05,credit_card,7.41,0,0
100752,46.0,Hyderabad,22.19,445.7,1.2,3.58351893845611,4.0,4.2,0.193,UPI,7.57,0,0
100753,31.0,Bengaluru,2.92,76.55,1.0,3.044522437723423,5.0,4.2,0.374,Credit Card,6.57,0,0
100754,19.0,Pune,2.28,99.29,1.5,1.791759469228055,4.0,4.2,0.041,Credit Card,6.13,0,0
100755,25.0,Delhi,3.6,127.22,1.0,3.4339872044851463,4.0,4.5,0.195,credit_card,7.25,0,0
100756,31.333333333333332,Hyderabad,43.18,743.635,1.5,2.70805020110221,5.0,5.0,0.438,Credit Card,6.11,1,0
100757,63.0,Delhi,4.41,124.89,1.0,2.833213344056216,4.0,4.5,0.179,Credit Card,6.62,1,0
100758,27.0,Bengaluru,23.9,401.79,1.0,3.6635616461296463,4.0,4.0,0.175,Credit Card,8.16,0,0
100759,46.0,Mumbai,6.06,129.09,1.0,4.189654742026425,5.0,4.8,0.295,Cash,9.51,0,0
100760,19.0,Mumbai,20.84,369.47,1.0,2.5649493574615367,3.0,3.8,0.014,cash,5.67,0,0
100761,34.0,Delhi,11.94,304.13,1.5,1.9459101490553132,4.0,4.0,0.05,Cash,5.35,0,0
100762,50.0,Mumbai,14.77,252.98,1.0,2.9444389791664403,4.0,5.0,0.011,UPI,7.75,1,1
100763,31.0,Bengaluru,6.6,140.82,1.0,1.6094379124341003,2.0,4.5,0.089,cash,4.1,0,0
100764,21.0,Pune,11.61,331.01,1.8,2.4849066497880004,4.0,4.2,0.052,Cash,6.89,0,0
100765,47.0,Bengaluru,38.01,743.635,1.5,3.7612001156935624,4.0,4.8,0.143,upi,8.36,0,0
100766,45.0,Bengaluru,8.32,230.99,1.5,3.258096538021482,4.0,5.0,0.116,Credit Card,6.83,0,0
100767,42.0,Delhi,2.62,109.17,1.2,3.4657359027997265,4.0,4.2,0.021,Cash,8.45,0,1
100768,52.0,Mumbai,8.19,202.32,1.0,3.8501476017100584,4.0,4.8,0.045,Credit Card,9.28,0,1
100769,32.0,Delhi,12.63,237.38,1.0,3.912023005428146,4.0,4.5,0.012,upi,8.44,0,0
100770,43.0,Mumbai,12.37,256.63,1.2,3.044522437723423,5.0,3.8,0.023,UPI,8.69,0,0
100771,24.0,Pune,3.54,101.63,1.0,3.5263605246161616,3.0,4.5,0.073,Credit Card,7.02,0,0
100772,35.0,Mumbai,13.18,250.49,1.0,2.8903717578961645,4.0,4.0,0.149,UPI,7.4,1,0
100773,39.0,Pune,2.52,89.96,1.0,2.772588722239781,5.0,4.2,0.201,Cash,7.68,0,0
100774,19.0,Bengaluru,5.95,163.72,1.0,3.258096538021482,5.0,4.8,0.187,UPI,7.54,0,0
100775,31.0,Bengaluru,37.14,620.29,1.0,2.4849066497880004,5.0,4.2,0.139,Cash,7.65,0,0
100776,46.0,Delhi,30.31,516.44,1.0,2.5649493574615367,5.0,4.0,0.02,upi,6.74,0,0
100777,19.0,Bengaluru,3.51,129.9,1.5,3.4965075614664802,4.0,4.2,0.617,credit_card,5.73,0,0
100779,39.0,Mumbai,7.18,166.53,1.2,2.639057329615259,3.0,4.2,0.208,credit_card,5.5,1,0
100780,72.0,Mumbai,22.09,743.635,1.8,3.784189633918261,2.0,3.8,0.493,upi,4.48,1,0
100781,50.0,Bengaluru,11.74,280.48,1.2,3.8712010109078907,3.0,4.5,0.174,Credit Card,7.32,1,0
100782,31.0,Delhi,20.22,441.88,1.2,3.6888794541139363,3.0,4.2,0.033,credit_card,8.66,0,0
100783,19.0,Bengaluru,2.96,115.15,1.5,3.1354942159291497,4.0,4.8,0.157,Credit Card,6.81,0,0
100784,34.0,Mumbai,5.35,142.36,1.0,2.1972245773362196,5.0,4.8,0.321,Credit Card,6.01,0,0
100785,38.0,Delhi,13.08,222.36,1.0,4.304065093204169,5.0,4.8,0.302,Cash,8.62,0,0
100786,51.0,Delhi,8.55,197.92,1.2,2.5649493574615367,5.0,5.0,0.153,Cash,7.23,0,0
100787,32.0,Hyderabad,57.85,743.635,1.0,3.2188758248682006,4.0,4.5,0.091,Cash,7.65,0,0
100788,48.0,Mumbai,61.41,743.635,1.5,1.791759469228055,5.0,3.5,0.117,Credit Card,6.56,0,0
100789,51.0,Pune,6.65,146.85,1.0,2.5649493574615367,4.0,4.0,0.565,Credit Card,4.53,0,0
100790,35.0,Hyderabad,5.28,150.33,1.0,2.1972245773362196,5.0,4.8,0.023,Cash,6.85,0,0
100791,47.0,Mumbai,4.86,117.81,1.0,2.1972245773362196,4.0,4.5,0.037,Cash,7.12,0,0
100792,34.0,Mumbai,28.95,480.5,1.0,3.4657359027997265,3.0,5.0,0.011,Cash,7.82,0,0
100793,38.0,Delhi,22.18,456.1,1.2,3.044522437723423,4.0,4.2,0.051,cash,7.23,0,0
100794,20.0,Bengaluru,19.82,417.42,1.2,3.5263605246161616,3.0,4.5,0.091,Cash,6.11,1,0
100795,48.66666666666667,Bengaluru,20.72,351.11,1.0,2.833213344056216,4.0,4.5,0.014,Cash,7.32,0,0
100796,48.0,Delhi,8.28,329.97,2.2,1.791759469228055,5.0,5.0,0.1,Credit Card,7.01,0,0
100797,45.0,Bengaluru,18.01,385.08,1.2,1.9459101490553132,4.0,4.0,0.106,UPI,5.36,0,0
100798,35.0,Mumbai,2.89,101.92,1.2,2.4849066497880004,5.0,4.2,0.061,Credit Card,6.87,0,0
100799,50.0,Mumbai,21.65,340.72,1.0,2.302585092994046,1.0,5.0,0.191,Cash,3.21,1,0
100800,31.0,Mumbai,12.94,393.85,1.8,3.258096538021482,5.0,4.5,0.184,Cash,7.59,1,0
100801,35.0,Delhi,23.01,470.11,1.2,1.6094379124341003,3.0,4.8,0.146,Credit Card,3.25,0,0
100802,22.0,Mumbai,14.94,443.61,1.8,2.0794415416798357,5.0,4.2,0.013,UPI,7.61,0,0
100803,46.0,Mumbai,4.28,149.27,1.0,3.2188758248682006,5.0,4.0,0.163,Credit Card,7.09,0,0
100804,33.0,Pune,7.65,165.33,1.0,3.7376696182833684,2.0,4.2,0.088,Cash,6.93,0,0
100805,41.0,Bengaluru,29.83,743.635,1.8,3.8918202981106265,3.0,4.2,0.083,UPI,7.98,0,0
100806,40.0,Mumbai,7.78,189.1,1.0,2.302585092994046,4.0,4.8,0.166,Credit Card,5.93,0,0
100807,38.0,Hyderabad,6.96,250.77,2.2,3.091042453358316,4.0,4.2,0.058,Cash,7.67,0,0
100808,42.0,Delhi,7.89,180.98,1.0,2.4849066497880004,4.0,4.5,0.197,cash,4.91,1,0
100809,47.0,Bengaluru,15.31,743.635,3.2,2.995732273553991,4.0,4.5,0.143,cash,7.11,0,0
100810,37.0,Mumbai,6.46,743.635,1.0,3.6375861597263857,5.0,4.5,0.191,credit_card,8.71,0,0
100811,45.0,Delhi,6.82,175.39,1.2,2.639057329615259,2.0,5.0,0.041,upi,5.07,1,0
100812,40.0,Mumbai,22.58,377.66,1.0,3.1354942159291497,1.0,3.8,0.233,cash,4.0,1,0
100813,45.0,Bengaluru,10.22,210.19,1.0,4.543294782270004,4.0,4.2,0.289,Cash,9.31,0,0
100814,35.0,Delhi,21.91,474.7,1.2,3.332204510175204,4.0,4.0,0.213,UPI,7.39,0,0
100815,50.0,Hyderabad,4.24,124.72,1.0,2.8903717578961645,4.0,4.0,0.056,Credit Card,7.34,0,0
100816,46.0,Hyderabad,24.06,743.635,2.8,3.367295829986474,5.0,5.0,0.157,Cash,8.65,1,0
100817,28.0,Delhi,10.66,224.75,1.0,3.5263605246161616,4.0,4.0,0.15,Credit Card,8.82,0,0
100818,36.0,Hyderabad,14.15,251.7,1.0,1.3862943611198906,4.0,4.8,0.275,UPI,4.41,0,0
100819,29.0,Mumbai,2.54,98.8,1.0,2.639057329615259,3.0,3.8,0.187,Cash,4.35,0,0
100821,35.0,Bengaluru,13.27,236.49,1.0,2.3978952727983707,3.0,4.8,0.104,UPI,5.61,0,0
100822,54.0,Mumbai,15.02,574.96,2.2,2.995732273553991,5.0,4.8,0.318,UPI,7.05,1,0
100823,46.0,Delhi,4.59,237.72,2.8,1.791759469228055,5.0,3.5,0.191,credit_card,5.82,1,0
100824,38.0,Mumbai,3.27,136.89,1.5,2.0794415416798357,3.0,4.8,0.103,upi,4.98,1,0
100825,43.0,Delhi,3.04,156.9,2.2,2.1972245773362196,3.0,4.5,0.207,cash,4.88,0,0
100826,46.0,Mumbai,4.71,110.56,1.0,3.091042453358316,4.0,4.2,0.424,Cash,4.94,0,0
100827,53.0,Bengaluru,49.66,743.635,1.0,2.70805020110221,4.0,4.5,0.178,Cash,7.38,0,0
100828,48.0,Bengaluru,12.71,242.9,1.0,2.70805020110221,5.0,4.5,0.29,Cash,6.28,0,0
100829,64.0,Hyderabad,12.02,311.91,1.5,2.772588722239781,3.0,4.5,0.039,Cash,7.32,1,0
100830,52.0,Bengaluru,26.68,439.52,1.0,2.4849066497880004,4.0,4.2,0.106,UPI,5.84,1,1
100831,19.0,Bengaluru,34.41,675.59,1.2,2.833213344056216,4.0,4.8,0.124,Credit Card,7.3,0,0
100832,40.0,Hyderabad,3.35,112.97,1.0,3.295836866004329,4.0,4.2,0.13,cash,7.26,0,0
100833,50.0,Delhi,11.94,234.5,2.8,3.58351893845611,5.0,4.8,0.131,Credit Card,9.4,0,0
100834,36.0,Bengaluru,11.09,209.42,1.0,2.1972245773362196,5.0,4.2,0.105,Credit Card,6.51,0,0
100835,19.0,Mumbai,7.14,214.85,1.5,3.828641396489095,5.0,4.2,0.154,credit_card,7.31,0,0
100836,39.0,Delhi,32.32,743.635,1.8,2.302585092994046,5.0,4.5,0.053,Credit Card,7.75,0,0
100837,31.0,Delhi,2.8,80.11,1.0,2.995732273553991,5.0,4.5,0.182,credit_card,8.2,0,0
100838,35.0,Bengaluru,3.1,82.15,1.0,1.9459101490553132,4.0,4.2,0.076,UPI,5.94,0,0
100839,50.666666666666664,Delhi,6.78,162.78,1.0,2.4849066497880004,1.0,4.0,0.107,Cash,4.8,0,0
100840,51.0,Bengaluru,2.69,167.38,2.8,1.3862943611198906,1.0,4.2,0.256,Cash,1.79,0,0
100841,47.0,Mumbai,70.45,743.635,1.0,2.0794415416798357,4.0,3.5,0.021,Credit Card,5.71,0,1
100842,46.0,Mumbai,14.54,256.73,1.0,2.0794415416798357,3.0,4.5,0.193,Credit Card,4.19,1,0
100843,40.0,Mumbai,10.31,233.47,1.0,3.4657359027997265,4.0,4.2,0.139,Credit Card,8.16,0,0
100844,25.0,Mumbai,4.48,118.34,1.0,2.772588722239781,5.0,5.0,0.041,Cash,7.41,0,0
100845,53.0,Hyderabad,2.5,743.635,1.2,3.828641396489095,3.0,3.8,0.195,Credit Card,7.47,1,0
100846,35.0,Bengaluru,48.18,234.5,1.8,2.3978952727983707,4.0,5.0,0.45,Cash,3.9,1,1
100847,31.0,Mumbai,30.23,733.05,1.5,2.1972245773362196,5.0,4.8,0.148,Credit Card,6.62,1,0
100848,40.0,Hyderabad,26.43,484.12,1.0,3.6375861597263857,5.0,4.2,0.061,Cash,9.9,0,0
100849,59.0,Bengaluru,3.4,121.86,1.0,2.995732273553991,4.0,5.0,0.187,Credit Card,6.72,0,0
100850,38.333333333333336,Bengaluru,7.65,160.68,1.0,3.6375861597263857,5.0,4.5,0.1,upi,9.48,0,0
100851,42.0,Mumbai,30.39,712.06,1.5,2.5649493574615367,4.0,3.8,0.232,UPI,6.82,1,1
100852,27.0,Mumbai,11.27,256.22,1.2,2.9444389791664403,4.0,5.0,0.028,Cash,7.66,0,0
100853,62.0,Mumbai,18.93,321.79,1.0,3.258096538021482,4.0,4.5,0.065,credit_card,7.39,1,1
100854,49.0,Bengaluru,16.42,294.44,1.0,3.295836866004329,1.0,4.2,0.097,UPI,4.73,1,0
100855,58.0,Bengaluru,9.45,179.62,1.0,3.332204510175204,4.0,4.8,0.039,Cash,8.55,0,0
100856,60.0,Bengaluru,6.31,156.72,1.0,2.0794415416798357,4.0,4.2,0.177,Cash,5.23,0,0
100857,24.0,Bengaluru,4.01,126.78,1.0,3.4011973816621555,5.0,3.8,0.16,credit_card,8.08,0,0
100858,49.0,Hyderabad,3.43,135.83,1.5,4.543294782270004,3.0,4.0,0.135,Cash,8.18,0,0
100859,48.0,Delhi,8.2,310.37,1.8,3.295836866004329,3.0,3.8,0.135,Cash,6.77,0,0
100860,36.333333333333336,Delhi,13.52,263.44,1.0,3.6635616461296463,1.0,4.8,0.238,Cash,4.33,1,0
100861,42.0,Delhi,2.47,84.34,1.0,3.1354942159291497,5.0,3.8,0.212,Credit Card,8.12,0,0
100862,33.0,Delhi,8.78,280.03,1.8,1.6094379124341003,5.0,4.8,0.093,upi,5.61,0,0
100863,19.0,Delhi,10.54,221.27,1.0,2.70805020110221,4.0,4.0,0.329,Credit Card,5.1,1,0
100864,48.0,Bengaluru,13.02,282.84,1.2,2.70805020110221,4.0,4.5,0.067,UPI,6.9,0,0
100865,36.0,Bengaluru,23.06,450.72,1.2,2.995732273553991,2.0,4.5,0.186,credit_card,4.74,0,0
100866,47.666666666666664,Delhi,10.23,193.13,1.0,2.3978952727983707,4.0,4.0,0.105,UPI,5.17,0,0
100867,47.0,Bengaluru,12.63,240.41,1.0,1.791759469228055,3.0,4.0,0.096,credit_card,4.56,1,0
100868,39.0,Pune,5.37,168.12,1.5,2.70805020110221,5.0,4.8,0.433,Credit Card,5.89,1,0
100869,43.0,Mumbai,8.29,174.88,1.0,2.4849066497880004,4.0,4.5,0.151,Cash,5.59,1,1
100870,23.0,Pune,18.14,333.09,1.0,3.4339872044851463,2.0,5.0,0.268,Cash,5.09,0,0
100871,48.0,Mumbai,2.89,82.88,1.0,3.5553480614894135,4.0,5.0,0.112,UPI,7.92,0,0
100872,34.0,Mumbai,3.35,117.4,1.2,2.995732273553991,5.0,4.0,0.062,UPI,8.15,0,0
100873,26.0,Pune,6.55,161.56,1.0,4.465908118654584,5.0,4.5,0.369,Credit Card,9.48,0,0
100874,34.0,Bengaluru,21.86,657.87,1.8,2.772588722239781,3.0,5.0,0.274,Cash,4.33,0,0
100875,47.0,Hyderabad,18.77,528.45,1.8,2.4849066497880004,4.0,4.8,0.152,Credit Card,5.75,1,1
100876,32.666666666666664,Mumbai,32.81,743.635,1.8,4.499809670330265,4.0,4.0,0.162,cash,8.98,0,1
100877,46.0,Mumbai,7.24,186.07,1.2,3.2188758248682006,5.0,4.5,0.148,Cash,8.78,0,0
100878,33.0,Delhi,6.23,189.96,1.2,2.4849066497880004,3.0,4.5,0.017,Credit Card,6.71,0,0
100879,60.0,Delhi,59.25,743.635,1.0,2.833213344056216,4.0,4.0,0.373,Credit Card,6.71,1,0
100880,47.0,Mumbai,12.38,290.81,1.2,2.70805020110221,4.0,4.5,0.264,credit_card,6.02,1,0
100881,42.0,Hyderabad,10.98,289.62,1.5,2.1972245773362196,5.0,4.2,0.024,upi,6.76,0,0
100882,48.0,Delhi,4.78,87.97,1.0,4.23410650459726,5.0,4.0,0.021,Cash,9.32,0,0
100883,32.0,Delhi,50.05,743.635,1.0,2.772588722239781,5.0,4.5,0.318,UPI,6.68,0,0
100884,44.0,Bengaluru,2.6,125.0,1.8,3.58351893845611,3.0,4.5,0.208,Credit Card,7.34,0,0
100885,36.0,Bengaluru,7.04,162.02,1.0,2.302585092994046,4.0,4.5,0.083,Cash,4.47,1,1
100886,31.0,Delhi,32.79,543.69,1.0,3.332204510175204,5.0,4.5,0.18,Credit Card,7.52,0,0
100887,41.0,Delhi,36.03,694.06,1.2,3.9318256327243257,3.0,4.0,0.078,upi,7.65,0,0
100888,26.666666666666664,Hyderabad,7.1,152.13,1.0,3.1354942159291497,3.0,4.5,0.14,credit_card,6.05,1,0
100889,54.0,Bengaluru,17.5,329.23,1.0,3.8712010109078907,3.0,4.0,0.056,upi,7.51,0,0
100890,42.0,Hyderabad,26.47,427.88,1.0,2.995732273553991,5.0,4.2,0.085,cash,7.52,0,0
100891,42.0,Bengaluru,17.48,486.56,1.8,3.367295829986474,5.0,4.2,0.013,Credit Card,8.79,0,0
100892,36.0,Delhi,8.68,174.29,1.0,2.833213344056216,4.0,4.5,0.257,upi,6.46,1,0
100893,54.0,Bengaluru,7.65,218.7,1.5,2.995732273553991,5.0,3.8,0.235,Credit Card,7.71,1,0
100894,19.0,Delhi,51.33,743.635,1.0,2.772588722239781,5.0,3.5,0.092,Cash,7.49,0,0
100895,19.0,Bengaluru,12.42,265.33,1.2,2.70805020110221,5.0,4.8,0.012,Cash,8.27,0,0
100896,24.0,Mumbai,3.96,132.98,1.2,3.4339872044851463,1.0,4.2,0.04,UPI,5.02,1,0
100897,37.0,Hyderabad,3.59,92.83,1.2,3.2188758248682006,4.0,4.2,0.205,Cash,7.3,0,0
100898,19.0,Mumbai,17.58,323.24,1.0,3.5263605246161616,5.0,4.5,0.322,Credit Card,7.39,0,0
100899,25.0,Mumbai,9.6,302.12,1.8,3.1780538303479458,5.0,4.5,0.026,Cash,10.0,0,0
100900,46.0,Mumbai,22.83,475.26,1.2,4.04305126783455,4.0,4.2,0.092,Cash,8.68,0,0
100901,36.0,Delhi,24.99,602.82,1.5,3.2188758248682006,1.0,4.5,0.204,upi,5.16,1,0
100902,20.0,Bengaluru,16.27,280.57,1.0,2.639057329615259,5.0,5.0,0.101,credit_card,7.67,0,0
100903,46.0,Delhi,11.1,218.21,1.0,2.772588722239781,5.0,3.8,0.164,Credit Card,6.66,0,0
100904,57.0,Bengaluru,8.97,240.16,1.5,2.3978952727983707,4.0,3.5,0.271,Cash,4.48,1,1
100905,64.0,Hyderabad,3.94,119.58,1.0,2.302585092994046,3.0,5.0,0.104,credit_card,5.12,0,0
100906,40.0,Delhi,14.79,287.67,1.0,4.02535169073515,4.0,4.8,0.284,Cash,8.53,0,0
100907,42.0,Pune,8.13,164.66,1.0,3.828641396489095,4.0,4.5,0.221,credit_card,7.24,0,0
100908,37.0,Bengaluru,10.31,230.85,1.0,3.713572066704308,4.0,4.5,0.022,Cash,7.93,0,0
100909,58.0,Bengaluru,49.73,743.635,1.5,1.6094379124341003,2.0,5.0,0.229,credit_card,3.12,1,0
100910,44.0,Mumbai,9.65,210.57,1.2,2.70805020110221,4.0,4.0,0.101,Credit Card,6.92,0,0
100911,27.0,Bengaluru,21.35,375.39,1.0,2.772588722239781,5.0,3.8,0.231,Cash,6.4,0,0
100912,48.0,Hyderabad,20.18,556.35,1.8,3.367295829986474,5.0,4.8,0.097,Cash,7.96,0,0
100913,31.0,Hyderabad,6.82,153.11,1.2,2.3978952727983707,4.0,4.0,0.06,credit_card,6.44,0,0
100914,45.0,Mumbai,4.11,215.8,2.8,3.6109179126442243,4.0,4.5,0.136,credit_card,8.03,0,0
100915,23.0,Pune,6.74,206.57,1.5,2.3978952727983707,5.0,4.8,0.072,Cash,7.48,0,0
100916,37.0,Bengaluru,20.37,614.78,1.8,4.0943445622221,5.0,4.0,0.167,Credit Card,8.85,0,0
100917,67.0,Hyderabad,11.33,214.97,1.0,4.875197323201151,2.0,5.0,0.127,Cash,8.51,0,0
100918,24.0,Bengaluru,21.73,371.46,1.0,2.302585092994046,4.0,4.5,0.018,Cash,3.82,1,1
100919,41.0,Pune,6.2,198.27,1.5,2.5649493574615367,4.0,4.5,0.142,UPI,5.76,0,0
100920,52.0,Mumbai,16.3,396.41,1.5,3.1354942159291497,4.0,3.5,0.073,Cash,8.05,1,0
100921,35.0,Hyderabad,3.19,90.69,1.0,3.1780538303479458,4.0,3.8,0.186,Credit Card,7.07,0,0
100922,51.0,Hyderabad,8.47,186.16,1.0,3.091042453358316,3.0,3.8,0.195,Cash,5.68,0,0
100923,44.0,Mumbai,12.62,389.64,1.8,3.1780538303479458,4.0,4.8,0.099,Cash,6.47,0,0
100924,42.0,Mumbai,8.32,309.33,1.8,2.70805020110221,1.0,4.5,0.114,Cash,4.44,0,0
100925,29.0,Bengaluru,10.56,743.635,1.0,2.5649493574615367,5.0,5.0,0.12,Cash,7.5,0,0
100926,40.0,Pune,25.85,416.73,1.0,2.9444389791664403,5.0,4.0,0.16,cash,7.77,0,0
100927,19.0,Bengaluru,24.27,602.03,1.5,3.5553480614894135,4.0,4.2,0.145,UPI,7.63,0,0
100928,34.333333333333336,Bengaluru,46.07,743.635,1.8,2.0794415416798357,5.0,4.5,0.25,UPI,6.38,0,0
100929,40.0,Pune,18.76,476.75,1.5,2.302585092994046,4.0,3.8,0.18,credit_card,5.96,0,0
100930,23.0,Mumbai,36.74,584.48,1.0,2.0794415416798357,5.0,4.5,0.088,credit_card,6.81,0,0
100931,35.0,Mumbai,11.46,223.59,1.0,2.4849066497880004,3.0,4.5,0.043,Cash,5.4,0,0
100932,23.0,Mumbai,4.33,125.05,1.0,3.295836866004329,4.0,4.8,0.217,Cash,7.53,0,0
100933,53.0,Delhi,3.35,123.21,1.5,2.995732273553991,4.0,4.8,0.157,Credit Card,6.87,0,0
100934,49.0,Hyderabad,7.07,160.9,1.0,2.3978952727983707,4.0,3.8,0.399,Credit Card,2.0,1,1
100935,43.0,Bengaluru,19.15,459.56,1.5,2.995732273553991,4.0,4.2,0.376,upi,5.39,0,0
100936,40.0,Mumbai,4.06,157.55,1.5,3.258096538021482,4.0,4.5,0.058,Credit Card,7.34,0,0
100937,32.0,Hyderabad,3.04,138.01,1.2,2.4849066497880004,4.0,4.5,0.064,Cash,6.51,0,0
100938,47.666666666666664,Mumbai,22.42,400.12,1.0,2.772588722239781,4.0,4.5,0.308,Credit Card,6.19,0,1
100939,64.0,Hyderabad,2.01,123.01,1.5,2.772588722239781,5.0,4.8,0.067,Credit Card,7.46,0,0
100940,45.0,Pune,12.7,234.5,1.0,1.3862943611198906,4.0,4.5,0.277,Cash,4.39,0,0
100941,36.0,Mumbai,4.29,121.52,1.0,3.4011973816621555,3.0,4.5,0.219,credit_card,6.15,0,0
100942,43.0,Mumbai,12.56,258.1,1.0,2.995732273553991,4.0,4.8,0.076,Cash,7.87,0,0
100943,50.0,Delhi,10.63,225.36,1.2,3.6375861597263857,4.0,4.2,0.055,Credit Card,8.91,0,0
100944,54.0,Bengaluru,23.0,743.635,2.8,2.995732273553991,3.0,4.2,0.02,Cash,6.8,0,0
100945,58.0,Delhi,6.28,211.13,1.8,3.784189633918261,5.0,4.2,0.187,Cash,8.97,0,0
100946,47.0,Hyderabad,13.01,487.35,2.2,2.1972245773362196,5.0,5.0,0.18,upi,7.49,0,0
100947,28.0,Bengaluru,16.89,433.39,1.5,3.4011973816621555,4.0,4.2,0.173,Credit Card,6.66,0,0
100948,39.0,Hyderabad,4.07,96.84,1.0,2.639057329615259,3.0,4.0,0.11,Credit Card,5.78,0,0
100949,44.0,Delhi,16.22,288.81,1.0,3.091042453358316,4.0,4.2,0.53,UPI,4.12,1,1
100950,37.0,Mumbai,50.83,743.635,1.0,3.2188758248682006,2.0,4.0,0.155,Credit Card,5.4,1,0
100951,39.0,Bengaluru,35.36,743.635,2.2,2.70805020110221,4.0,4.5,0.061,credit_card,6.31,1,1
100952,19.0,Delhi,23.3,481.34,1.2,3.4011973816621555,5.0,4.5,0.044,Cash,8.57,0,0
100953,58.0,Delhi,12.15,213.67,1.0,2.5649493574615367,3.0,4.0,0.211,cash,4.6,1,0
100954,36.0,Delhi,41.17,234.5,1.5,3.1354942159291497,4.0,4.2,0.247,credit_card,6.67,1,0
100955,59.0,Mumbai,39.91,743.635,1.5,2.70805020110221,2.0,5.0,0.055,Cash,5.45,1,0
100956,49.0,Bengaluru,4.3,127.62,1.0,2.833213344056216,5.0,4.5,0.131,upi,8.31,0,0
100957,43.0,Bengaluru,4.91,316.19,3.2,3.5263605246161616,1.0,4.5,0.078,Credit Card,5.08,0,0
100958,63.0,Bengaluru,6.32,130.33,1.0,2.0794415416798357,5.0,3.5,0.11,UPI,6.41,0,0
100959,30.0,Mumbai,5.26,124.45,1.0,2.302585092994046,4.0,4.5,0.122,UPI,5.33,0,0
100960,71.0,Hyderabad,5.71,290.84,2.8,3.2188758248682006,5.0,4.5,0.384,Credit Card,6.86,1,0
100961,39.0,Mumbai,13.67,235.25,1.0,3.4965075614664802,5.0,4.2,0.298,Credit Card,8.88,0,0
100962,19.0,Pune,10.54,229.45,1.0,2.5649493574615367,5.0,4.0,0.286,Credit Card,6.71,0,0
100963,40.0,Bengaluru,47.31,743.635,1.5,3.4965075614664802,5.0,4.8,0.1,cash,8.78,0,0
100964,39.0,Mumbai,36.7,612.44,1.0,3.970291913552122,4.0,4.2,0.065,Cash,9.32,0,0
100965,19.0,Hyderabad,21.03,376.54,1.0,4.543294782270004,1.0,4.0,0.005,credit_card,7.95,0,0
100966,36.0,Hyderabad,7.51,151.16,1.0,2.833213344056216,4.0,4.2,0.333,UPI,5.27,0,0
100967,32.0,Pune,5.81,179.51,1.2,3.6888794541139363,5.0,4.8,0.023,UPI,8.75,0,0
100968,29.0,Delhi,4.58,127.35,1.0,3.4011973816621555,5.0,5.0,0.064,Cash,8.79,0,0
100969,31.0,Hyderabad,2.49,102.51,1.0,3.332204510175204,2.0,4.0,0.093,Cash,7.0,0,0
100970,28.0,Mumbai,29.48,471.52,1.0,2.639057329615259,5.0,3.5,0.379,UPI,5.74,0,0
100971,40.0,Mumbai,17.4,625.54,2.2,1.9459101490553132,4.0,4.5,0.426,UPI,3.79,1,0
100972,41.0,Mumbai,8.97,165.59,1.0,3.091042453358316,4.0,4.8,0.086,cash,7.83,0,0
100973,43.666666666666664,Mumbai,2.57,126.93,1.0,2.5649493574615367,4.0,4.5,0.065,UPI,6.56,0,0
100974,39.0,Mumbai,27.35,667.52,1.5,2.302585092994046,5.0,4.5,0.275,UPI,5.58,0,0
100975,42.0,Pune,7.52,152.27,1.0,2.639057329615259,5.0,4.5,0.033,Cash,7.57,0,0
100976,45.0,Delhi,28.28,743.635,1.8,4.0943445622221,2.0,4.8,0.175,cash,7.37,0,0
100977,41.0,Delhi,26.93,485.3,1.0,3.4965075614664802,4.0,4.0,0.16,UPI,8.31,0,0
100978,61.0,Pune,3.25,175.98,2.2,2.4849066497880004,4.0,4.5,0.229,upi,4.0,1,1
100979,59.0,Mumbai,4.06,91.57,1.0,4.394449154672439,4.0,4.5,0.179,Credit Card,9.31,0,0
100980,25.0,Mumbai,29.84,724.28,1.5,2.772588722239781,4.0,4.0,0.138,Credit Card,6.67,0,0
100981,25.0,Delhi,30.44,725.83,1.5,2.639057329615259,4.0,5.0,0.711,credit_card,5.31,1,1
100982,26.0,Mumbai,27.69,567.76,1.2,3.258096538021482,5.0,4.2,0.054,Cash,8.38,0,0
100983,47.0,Hyderabad,24.08,595.19,1.5,2.9444389791664403,5.0,4.5,0.106,upi,7.99,0,0
100984,31.0,Hyderabad,14.9,290.56,1.2,3.4657359027997265,4.0,4.0,0.027,credit_card,8.54,0,0
100985,52.0,Mumbai,7.71,174.51,1.0,1.791759469228055,1.0,4.2,0.16,Credit Card,2.26,1,0
100986,27.0,Mumbai,45.67,743.635,1.2,1.791759469228055,4.0,5.0,0.18,UPI,5.67,0,0
100987,21.0,Pune,6.76,207.08,1.5,3.713572066704308,5.0,3.5,0.025,Credit Card,9.81,0,0
100988,19.0,Mumbai,7.25,178.66,1.0,2.0794415416798357,5.0,4.8,0.013,cash,7.1,0,0
100989,19.0,Delhi,3.46,76.5,1.0,2.1972245773362196,4.0,4.2,0.506,UPI,4.0,0,0
100990,33.0,Hyderabad,55.98,743.635,1.8,2.4849066497880004,4.0,4.5,0.214,Cash,4.99,1,0
100991,63.0,Mumbai,11.54,196.05,1.0,3.044522437723423,4.0,4.5,0.077,Credit Card,8.0,0,1
100992,47.0,Delhi,12.91,255.0,1.0,2.772588722239781,4.0,4.8,0.181,UPI,7.54,0,0
100993,40.0,Bengaluru,6.93,189.99,1.5,3.6635616461296463,5.0,4.2,0.098,credit_card,9.46,0,0
100994,29.0,Delhi,9.09,244.94,1.5,2.5649493574615367,3.0,3.8,0.114,Credit Card,6.09,1,0
100995,34.0,Bengaluru,14.13,259.33,1.0,1.0986122886681096,5.0,4.2,0.046,UPI,5.03,0,0
100996,29.0,Mumbai,44.54,743.635,1.2,2.833213344056216,5.0,4.0,0.101,cash,8.55,0,0
100997,33.0,Hyderabad,33.71,743.635,1.5,2.3978952727983707,5.0,4.5,0.406,Cash,5.25,1,0
100998,40.0,Delhi,13.7,274.83,1.0,2.4849066497880004,3.0,4.2,0.14,Credit Card,5.76,1,0
100999,46.0,Bengaluru,13.79,357.89,1.5,2.1972245773362196,2.0,4.0,0.055,credit_card,5.14,0,0
101000,34.0,Delhi,23.52,383.22,1.0,2.0794415416798357,3.0,4.5,0.068,Cash,4.84,1,0
100253,39.0,Bengaluru,9.63,281.64,1.5,3.9889840465642745,5.0,4.2,0.26,cash,8.5,0,0
100315,60.0,Hyderabad,2.15,108.8,1.0,2.995732273553991,5.0,3.8,0.03,Credit Card,7.88,0,0
100206,40.0,Bengaluru,10.86,389.35,2.2,4.2626798770413155,1.0,4.2,0.204,UPI,6.04,1,0
100745,23.0,Delhi,19.94,348.4,1.0,4.204692619390966,2.0,4.5,0.283,credit_card,7.06,0,0
100401,63.0,Bengaluru,5.75,156.17,1.2,2.833213344056216,4.0,3.5,0.18,Cash,6.06,1,0
